TABLE CalTimeCalib 123680
# corrections to  CalTimeCalib cid= XXX, to be subtracted 
# sipmid     dT      sigma      chi2
    0   -505.948    10.845     0.593
    1   -169.800     8.168     0.966
    2   -507.222     6.106     0.275
    3   -165.863     7.316     0.922
    4   -173.550     8.715     0.457
    5    160.261    11.969     0.908
    6      7.400     6.711     0.449
    7      7.550     7.321     0.511
    8      7.353    11.024     1.314
    9      6.440     8.907     0.895
   10      7.627     7.806     0.985
   11      6.826     5.104     0.439
   12      7.000     5.163     0.235
   13      7.429     5.024     0.389
   14      0.000     0.000    -1.000
   15     10.837     5.669     0.486
   16     10.368     8.080     0.360
   17     11.969     7.219     0.577
   18     11.985     5.979     0.457
   19     12.217     5.968     0.368
   20     10.522     6.182     0.259
   21     11.246     6.151     0.210
   22    -21.136    10.011     0.941
   23    -13.780     9.154     0.895
   24    -12.480    10.382     1.594
   25    -12.730     8.737     0.847
   26    -12.492     7.040     0.802
   27      0.000     0.000    -1.000
   28     -6.000     5.997     0.452
   29     -4.774     6.253     0.594
   30     -8.174     6.574     0.425
   31     -8.909     6.222     0.702
   32   -505.792     6.800     0.764
   33   -165.302    10.340     1.405
   34   -513.356     7.108     0.640
   35   -168.895     6.972     0.757
   36   -180.617     7.212     0.735
   37    160.280     6.470     0.338
   38   -173.800    11.826     1.217
   39    158.201    12.415     1.427
   40   -172.240     8.997     1.071
   41    157.453     7.540     0.948
   42    153.109     8.615     1.053
   43      0.000     0.000    -1.000
   44    149.500     5.895     0.472
   45      0.000     0.000    -1.000
   46      6.377     8.481     1.121
   47      8.017    11.730     1.561
   48      3.667     3.332     0.211
   49      6.811     8.637     1.184
   50      5.930     5.613     0.669
   51      5.744     5.771     0.596
   52      4.319     8.243     0.873
   53      4.719     7.960     0.883
   54      8.106     8.197     1.527
   55      7.894     7.966     1.009
   56      8.265     6.016     0.388
   57      7.588     5.943     0.233
   58      5.830     6.632     0.429
   59      6.630     8.459     0.854
   60      5.000     8.308     1.018
   61      0.000     0.000    -1.000
   62      5.327     8.685     1.201
   63      5.037     8.584     1.114
   64      0.000     0.000    -1.000
   65      7.867     7.442     0.399
   66      8.760     4.464     0.204
   67      9.167     4.579     0.199
   68     10.606    14.009     0.997
   69     10.443    11.690     1.665
   70      0.000     0.000    -1.000
   71     12.722     8.333     1.553
   72      0.000     0.000    -1.000
   73     12.869     7.349     1.159
   74      0.000     0.000    -1.000
   75     12.562    10.041     1.842
   76     11.836     7.869     1.437
   77     11.786     4.981     0.382
   78     12.356     5.553     0.472
   79     13.043     6.909     0.795
   80     12.412     7.978     0.995
   81     12.265     7.745     0.794
   82     12.306     6.897     0.364
   83   -661.167     6.805     0.374
   84      0.000     0.000    -1.000
   85     12.286     5.503     0.226
   86      0.000     0.000    -1.000
   87     11.989     9.319     2.359
   88      0.000     0.000    -1.000
   89     12.500     4.883     0.280
   90    -14.013     6.419     0.603
   91    -13.633     7.091     0.779
   92    -14.757     8.828     1.107
   93    -15.333     8.577     0.902
   94    -13.433     6.110     0.424
   95    -11.949    10.437     1.594
   96    -12.055     7.597     0.568
   97    -12.298     7.534     0.630
   98      0.000     0.000    -1.000
   99    -10.867     6.589     0.460
  100    -10.600     8.499     1.463
  101      0.000     0.000    -1.000
  102     -7.036     7.923     0.601
  103      0.000     0.000    -1.000
  104     -6.231     8.425     1.230
  105      0.000     0.000    -1.000
  106     -4.619     8.485     0.962
  107     -3.492     8.898     0.949
  108     -5.800     6.671     0.595
  109     -6.200     6.537     0.477
  110     -7.125     6.290     0.550
  111     -6.255     6.056     0.625
  112     -6.000     7.644     1.185
  113     -4.960     9.753     1.532
  114     -8.667     8.731     1.251
  115     -9.578     5.635     0.388
  116    -10.043     6.887     0.504
  117     -9.818     6.826     0.847
  118   -507.091     5.306     0.519
  119   -167.980     7.517     1.362
  120   -513.119     5.295     0.466
  121   -162.908     5.651     0.647
  122   -506.645     6.411     0.463
  123   -167.281     5.675     0.367
  124   -177.204     8.658     0.875
  125    161.292     5.566     0.369
  126   -176.464     9.646     1.329
  127    162.478     8.801     1.263
  128      0.000     0.000    -1.000
  129   -342.644     8.058     0.544
  130    152.394    10.703     0.898
  131      0.000     0.000    -1.000
  132    156.151    15.225     1.668
  133      0.000     0.000    -1.000
  134      7.758    11.610     1.657
  135      7.838    11.536     1.579
  136      5.333     4.631     0.266
  137      5.222     4.708     0.275
  138      6.825     6.673     0.843
  139      6.085     7.114     0.877
  140      5.560     7.970     0.980
  141      5.204     7.140     0.783
  142      5.714     8.198     0.617
  143      0.000     0.000    -1.000
  144      8.404     7.967     0.684
  145      9.408    10.449     1.104
  146      0.000     0.000    -1.000
  147      0.000     0.000    -1.000
  148      7.958     9.228     1.130
  149      6.870     5.947     0.646
  150      6.000    10.629     1.383
  151      6.450    10.479     1.411
  152      5.044     7.161     0.720
  153      5.171     7.817     0.811
  154      0.000     0.000    -1.000
  155      7.316    10.306     0.791
  156      5.372     6.823     0.797
  157      5.500     6.647     0.583
  158      5.936     5.684     0.365
  159      0.000     0.000    -1.000
  160      5.596     5.298     0.404
  161      0.000     0.000    -1.000
  162      5.143     6.224     0.196
  163   -504.037     4.726     0.206
  164      6.216     8.677     1.256
  165   -501.348    10.757     0.784
  166      0.000     0.000    -1.000
  167      8.465    12.531     1.182
  168      0.000     0.000    -1.000
  169      9.421    10.064     0.852
  170     11.439     9.560     1.038
  171     10.268     7.545     0.761
  172      9.000    11.491     1.326
  173      7.914     7.976     0.921
  174     10.122     8.229     0.952
  175     10.488     7.964     0.866
  176      0.000     0.000    -1.000
  177     11.001    11.160     1.508
  178      0.000     0.000    -1.000
  179      9.500     8.122     1.064
  180      7.576     6.040     0.402
  181      0.000     0.000    -1.000
  182      9.256     6.180     0.484
  183      0.000     0.000    -1.000
  184      0.000     0.000    -1.000
  185      8.720     7.694     0.356
  186      0.000     0.000    -1.000
  187     12.804    10.307     1.315
  188     10.377     7.391     0.965
  189      0.000     0.000    -1.000
  190      8.765     6.217     0.351
  191      8.574     6.136     0.384
  192      0.000     0.000    -1.000
  193     14.677    13.670     1.767
  194      0.000     0.000    -1.000
  195     11.745     9.364     1.069
  196     10.613     5.374     0.573
  197     10.508     5.168     0.523
  198      0.000     0.000    -1.000
  199     12.119     7.848     1.127
  200     11.528     5.509     0.402
  201     11.679     5.643     0.538
  202     12.472     6.697     0.476
  203     15.073    10.500     1.375
  204     12.655     7.270     0.570
  205     12.393     7.220     0.625
  206     15.379     8.634     0.952
  207     13.000     6.355     0.292
  208      0.000     0.000    -1.000
  209     12.371     5.446     0.413
  210      0.000     0.000    -1.000
  211     13.962     8.672     2.052
  212    -12.333     7.887     1.135
  213    -12.754     7.996     1.098
  214    -13.676     8.805     1.306
  215    -11.739     8.948     1.031
  216    -20.322     8.956     2.004
  217    -13.103     6.982     1.157
  218    -11.053    10.892     1.316
  219    -10.884    11.000     1.096
  220    -10.625     8.716     0.904
  221    -10.800     7.427     0.781
  222      0.000     0.000    -1.000
  223     -8.833     4.792     0.410
  224     -5.259     7.717     0.666
  225     -5.538     7.566     0.642
  226     -6.055     8.025     0.383
  227     -4.891     7.912     0.396
  228     -6.024     8.541     0.603
  229    -27.636     9.814     0.738
  230     -6.333     8.014     1.023
  231     -6.067     8.185     0.958
  232     -3.548     7.779     1.034
  233     -4.032     7.925     0.973
  234   -355.400     8.770     1.155
  235     -3.909     6.526     0.540
  236     -3.687     5.393     0.233
  237     -4.324     5.569     0.281
  238     -4.292     9.649     1.044
  239     -4.079     9.705     0.785
  240     -4.687     9.767     1.266
  241     -4.873     9.744     1.156
  242     -7.192     5.323     0.305
  243     -7.246     5.299     0.335
  244     -5.760     9.640     1.055
  245     -5.370    11.262     1.584
  246     -5.786     6.607     0.814
  247     -6.154     6.425     0.792
  248     -6.043     6.708     0.518
  249     -3.608    11.360     1.396
  250     -6.190     6.400     0.744
  251      0.000     0.000    -1.000
  252     -4.655     6.498     0.535
  253     -4.885     9.926     1.098
  254     -5.050    11.069     1.504
  255     -4.450    11.189     1.777
  256     -8.024     6.154     0.394
  257     -8.737     5.861     0.245
  258     -9.529     9.472     0.800
  259    -11.000    10.338     0.911
  260     -5.544    13.058     1.448
  261     -6.333    11.177     1.140
  262     -7.943    13.644     1.241
  263     -8.723    11.397     0.820
  264     -8.027    10.711     1.110
  265     -8.052    10.429     1.414
  266     -6.758     9.287     0.857
  267     -7.312     9.207     1.167
  268     -8.706    11.376     1.620
  269     -5.800    11.364     1.634
  270     -8.429    10.173     1.496
  271     -9.255     7.791     0.880
  272     -5.116    13.625     1.821
  273     -7.783     9.045     1.174
  274   -507.120     7.852     0.886
  275   -167.980     7.971     0.885
  276   -504.836     8.134     1.237
  277   -165.783     6.613     0.691
  278   -508.692     5.425     0.266
  279      0.000     0.000    -1.000
  280   -173.151     8.833     1.103
  281    155.578     7.298     0.753
  282   -178.545     8.611     1.143
  283    160.917     9.264     1.054
  284   -178.704    10.537     1.550
  285    160.362     8.394     1.155
  286    151.245    11.276     1.259
  287      0.000     0.000    -1.000
  288    151.704     7.651     0.714
  289      0.000     0.000    -1.000
  290      7.148     6.287     0.697
  291      7.500     6.602     0.871
  292      6.270     9.100     1.198
  293      5.906     8.795     1.267
  294      6.102     5.346     0.329
  295      6.765     7.234     1.125
  296      6.385     9.301     1.272
  297      6.189     9.478     1.096
  298      0.000     0.000    -1.000
  299      5.852     8.899     0.910
  300      8.429     7.712     0.490
  301      8.719     9.126     0.898
  302      7.667     8.675     0.842
  303      8.560     8.719     0.543
  304      8.538     6.539     0.596
  305      8.805     6.564     0.514
  306      0.000     0.000    -1.000
  307      0.000     0.000    -1.000
  308      4.611     6.663     0.407
  309      4.838     6.331     0.476
  310      5.056     5.044     0.224
  311      5.267     5.079     0.175
  312      0.000     0.000    -1.000
  313      0.000     0.000    -1.000
  314      6.667     6.871     0.652
  315      6.915     6.866     0.586
  316      7.238     8.420     0.984
  317      6.286     4.953     0.128
  318      6.073     4.485     0.221
  319      0.000     0.000    -1.000
  320      5.800     5.049     0.369
  321      0.000     0.000    -1.000
  322      6.478     6.034     0.466
  323   -503.769     5.713     0.398
  324      6.892     7.780     0.521
  325      7.727     8.995     0.604
  326      0.000     0.000    -1.000
  327      7.638     7.123     0.273
  328      0.000     0.000    -1.000
  329     10.441    10.666     0.735
  330      9.154     6.584     0.672
  331      9.980     9.078     1.059
  332      8.143     5.980     0.472
  333      8.510     6.201     0.501
  334     10.381     9.666     1.429
  335      9.952     9.742     1.267
  336      0.000     0.000    -1.000
  337      9.667     9.789     0.811
  338      0.000     0.000    -1.000
  339      9.045     4.011     0.233
  340      8.394     6.391     0.352
  341      0.000     0.000    -1.000
  342     10.222     9.119     0.989
  343      0.000     0.000    -1.000
  344      0.000     0.000    -1.000
  345     11.528    10.183     1.431
  346      0.000     0.000    -1.000
  347      7.471     6.039     0.150
  348     10.872     5.290     0.410
  349     10.667     5.632     0.282
  350     10.349     5.098     0.212
  351     10.455     5.175     0.145
  352     11.933     8.910     0.880
  353     12.826    11.684     1.313
  354      0.000     0.000    -1.000
  355     14.296    12.197     1.325
  356      0.000     0.000    -1.000
  357      0.000     0.000    -1.000
  358     13.449     9.296     1.546
  359     13.000     9.521     1.670
  360     11.151     7.670     0.882
  361     11.111     7.236     0.917
  362     10.690     8.169     0.844
  363     11.069     8.145     0.923
  364     12.846     5.172     0.314
  365     14.368     9.477     1.583
  366     13.510     8.748     1.181
  367     14.661    11.008     1.460
  368     15.980     7.735     0.809
  369     15.353     7.917     0.854
  370      0.000     0.000    -1.000
  371     10.170     5.859     0.465
  372      0.000     0.000    -1.000
  373     12.246     7.192     1.391
  374     -9.724     8.352     1.218
  375    -10.263     8.514     1.199
  376    -11.066     8.137     0.738
  377    -10.138     9.938     1.253
  378    -14.000     8.536     0.969
  379    -13.400     7.787     0.455
  380    -11.596     5.531     0.205
  381    -11.926     6.155     0.394
  382    -11.000    10.842     1.298
  383    -11.302    10.805     1.482
  384    -13.192     6.898     0.535
  385    -11.808     9.625     1.063
  386     -8.880     9.230     0.881
  387    -10.787     7.497     0.573
  388     -5.227     9.622     0.847
  389     -5.578     9.518     1.014
  390     -4.270     9.342     1.656
  391     -4.933     9.872     1.251
  392     -3.533     5.031     0.161
  393     -3.667     5.094     0.147
  394     -3.954    10.579     0.992
  395     -3.531    11.799     1.361
  396      0.000     0.000    -1.000
  397      0.000     0.000    -1.000
  398     -5.212     8.305     1.190
  399     -4.735     9.311     1.892
  400     -6.692     8.098     0.745
  401     -6.686     8.130     0.944
  402     -3.846     8.877     1.005
  403     -3.000     9.148     1.187
  404     -5.976     7.218     0.633
  405     -6.244     6.763     0.609
  406     -5.821     7.148     0.470
  407     -4.509     8.537     1.030
  408     -5.791    10.714     1.377
  409     -5.292    11.068     1.095
  410    -10.238     9.570     0.745
  411    -10.130     9.171     0.691
  412     -6.724     7.569     0.854
  413     -6.965     6.104     0.312
  414     -6.368    10.085     0.989
  415     -6.611    10.487     0.874
  416     -6.155    11.698     1.280
  417     -5.344    13.375     1.597
  418     -2.837    13.913     1.717
  419     -7.619     6.117     0.375
  420     -5.410     8.958     0.625
  421     -3.029    13.026     1.399
  422     -6.318     9.023     1.217
  423      0.000     0.000    -1.000
  424      0.000     0.000    -1.000
  425      0.000     0.000    -1.000
  426      0.000     0.000    -1.000
  427      0.000     0.000    -1.000
  428     -8.538     6.218     0.265
  429     -6.459     9.376     0.931
  430     -9.467     6.401     0.494
  431     -9.067     6.398     0.839
  432    -10.067     5.105     0.242
  433     -9.429     5.081     0.264
  434     -6.415     7.767     0.648
  435      0.000     0.000    -1.000
  436     -8.476     5.452     0.363
  437     -8.902     5.673     0.402
  438     -8.966     7.649     1.115
  439     -8.000     7.603     1.310
  440     -8.000     8.621     1.372
  441     -8.018     8.707     1.457
  442   -504.622    11.167     1.615
  443   -163.868    10.334     1.374
  444   -506.313     8.961     2.029
  445   -167.686     7.154     1.321
  446   -511.781     5.263     0.489
  447      0.000     0.000    -1.000
  448   -173.678     8.726     1.226
  449   -340.034    11.107     1.366
  450   -171.961    10.659     1.589
  451    156.036     8.685     1.373
  452   -173.000    10.125     1.757
  453    156.224     8.129     1.128
  454   -349.238     6.931     0.465
  455      0.000     0.000    -1.000
  456    146.608    11.178     1.758
  457      0.000     0.000    -1.000
  458    154.286    11.776     1.378
  459      0.000     0.000    -1.000
  460      0.000     0.000    -1.000
  461      0.000     0.000    -1.000
  462      5.286     4.588     0.322
  463      5.636     4.761     0.359
  464      8.760    11.126     1.672
  465      8.001    12.008     1.836
  466      7.793     9.217     1.522
  467      7.542     7.713     0.971
  468      7.267    12.099     1.248
  469      0.000     0.000    -1.000
  470      6.710     7.678     0.673
  471      6.438     7.462     0.651
  472      7.361     7.138     0.961
  473      8.167     9.130     1.196
  474      6.860     7.053     0.719
  475      7.091     7.057     0.769
  476      0.000     0.000    -1.000
  477      0.000     0.000    -1.000
  478      5.489     6.037     0.620
  479      5.476    10.919     1.235
  480      5.735     8.453     1.208
  481      6.375     9.230     1.229
  482      6.280     4.376     0.302
  483      6.913     4.771     0.239
  484      5.400     4.271     0.198
  485      5.513     3.754     0.215
  486      6.574     9.867     1.160
  487      5.439     6.544     0.510
  488      7.963     8.499     1.242
  489      0.000     0.000    -1.000
  490      6.750     5.768     0.309
  491      0.000     0.000    -1.000
  492      0.000     0.000    -1.000
  493      0.000     0.000    -1.000
  494      7.200     5.758     0.268
  495      0.000     0.000    -1.000
  496      5.727     6.890     0.318
  497      5.222     4.937     0.196
  498      0.000     0.000    -1.000
  499      7.062     5.841     0.237
  500      0.000     0.000    -1.000
  501      7.903     5.605     0.321
  502      8.714     7.245     0.363
  503      8.467     7.464     0.450
  504      8.875     7.016     0.303
  505      9.125     6.871     0.347
  506     11.778     8.276     0.431
  507     10.000     6.572     0.237
  508      0.000     0.000    -1.000
  509      0.000     0.000    -1.000
  510      0.000     0.000    -1.000
  511      7.799    12.014     0.891
  512     11.886    11.740     1.119
  513      0.000     0.000    -1.000
  514     11.537     5.810     0.345
  515      0.000     0.000    -1.000
  516      0.000     0.000    -1.000
  517     11.049     9.792     0.858
  518      0.000     0.000    -1.000
  519      0.000     0.000    -1.000
  520      9.522     5.992     0.222
  521     10.333     7.814     0.883
  522     10.304     5.025     0.235
  523     10.273     5.064     0.290
  524     10.373     7.079     0.818
  525     12.965    12.040     1.784
  526      0.000     0.000    -1.000
  527     10.964     9.013     1.323
  528      0.000     0.000    -1.000
  529     11.655    10.987     1.407
  530     13.359     7.370     0.776
  531      0.000     0.000    -1.000
  532     12.149     4.342     0.154
  533     12.022     4.229     0.119
  534     12.243     5.247     0.266
  535     11.649     5.072     0.258
  536      0.000     0.000    -1.000
  537     12.931     9.329     0.792
  538     12.656    10.860     1.475
  539     13.182    12.056     1.964
  540     13.172     8.679     1.317
  541     12.167     8.666     1.221
  542     12.778     8.358     0.980
  543     12.309     8.101     0.930
  544     13.889     8.770     1.154
  545     12.729     6.425     0.546
  546     10.367     5.470     0.946
  547      0.000     0.000    -1.000
  548      0.000     0.000    -1.000
  549     14.182     8.605     1.458
  550    -10.023     8.096     0.815
  551    -10.163     7.968     1.047
  552    -11.367     7.434     0.491
  553    -10.100     9.384     0.976
  554    -11.119     9.826     1.417
  555    -11.239     9.478     1.390
  556    -12.303     7.148     0.949
  557    -12.731     7.255     0.953
  558    -12.107     8.733     0.916
  559    -11.947     8.779     1.068
  560     -7.775    11.682     1.792
  561     -8.836     9.684     1.355
  562     -8.680    10.324     0.796
  563    -23.038     8.088     0.721
  564     -4.070     6.473     0.449
  565      0.000     0.000    -1.000
  566     -4.525     5.378     0.428
  567     -5.000     4.382     0.262
  568     -3.000     6.580     0.311
  569     -2.882     6.115     0.332
  570     -6.231     7.559     0.601
  571     -6.350     7.132     0.569
  572     -4.345     5.244     0.518
  573     -4.393     5.154     0.513
  574     -3.261    10.865     1.082
  575     -4.355    11.844     1.254
  576     -6.000     5.485     0.190
  577     -5.735     5.976     0.450
  578     -4.098     8.788     0.935
  579     -4.216     8.856     0.653
  580     -5.980     6.153     0.750
  581     -4.519     9.261     1.224
  582     -6.636     6.127     0.386
  583     -5.491     9.139     1.157
  584     -6.442     5.935     0.432
  585     -4.619     5.777     0.421
  586      0.000     0.000    -1.000
  587     -2.646    14.321     1.213
  588     -2.652     9.044     1.325
  589     -2.957     8.620     1.161
  590     -3.710    12.527     0.918
  591     -3.667    11.861     1.053
  592     -5.196    12.689     1.344
  593     -5.800    11.242     1.349
  594     -8.000     5.897     0.408
  595     -8.027     5.686     0.568
  596     -7.421     8.106     0.627
  597     -7.789     7.615     0.611
  598     -5.333     7.693     0.492
  599     -6.278     7.676     0.526
  600     -7.930     6.475     0.548
  601     -8.209     6.086     0.498
  602     -7.688     6.492     0.407
  603     -7.938     6.500     0.366
  604     -8.615     6.794     0.267
  605     -9.000     6.972     0.317
  606     -8.833     8.295     0.870
  607     -8.796     8.371     0.744
  608     -8.095     8.073     0.611
  609     -7.467     7.809     0.437
  610     -9.791     7.180     0.653
  611    -10.024     7.082     0.408
  612     -6.125     7.017     0.707
  613     -6.355     6.972     0.544
  614     -8.371     8.549     1.422
  615     -9.485     3.718     0.248
  616    -10.622     4.646     0.283
  617    -11.720     3.040     0.111
  618     -8.191     8.390     1.147
  619     -9.043     5.249     0.338
  620     -8.649     7.752     0.948
  621     -9.711     7.461     0.732
  622      0.000     0.000    -1.000
  623      0.000     0.000    -1.000
  624      0.000     0.000    -1.000
  625   -169.000     5.920     0.512
  626   -514.030     5.000     0.283
  627   -166.589     7.944     1.480
  628   -178.619     4.805     0.459
  629    161.407     7.242     1.458
  630   -173.836     8.499     1.237
  631    157.111     8.505     1.430
  632   -180.667     9.654     1.342
  633    159.291     8.076     0.932
  634   -178.702     9.658     1.501
  635    160.077     8.125     1.178
  636    151.333     9.158     0.456
  637      0.000     0.000    -1.000
  638    150.480     7.417     1.440
  639      0.000     0.000    -1.000
  640    149.436     8.644     0.971
  641      0.000     0.000    -1.000
  642      5.903     8.452     0.587
  643      5.000     7.466     0.781
  644      4.152     6.266     0.610
  645      5.114     7.153     0.813
  646      5.500     6.514     0.479
  647      5.889     8.842     0.919
  648      6.765    10.126     1.131
  649      7.039     9.905     1.329
  650      3.075     6.684     0.845
  651      4.356     9.053     1.369
  652      5.277     5.699     0.363
  653      6.048     7.460     0.815
  654      5.700     7.200     1.074
  655      6.016     8.984     1.217
  656      0.000     0.000    -1.000
  657      7.000     8.208     0.520
  658      6.333     4.925     0.109
  659      6.059     5.031     0.197
  660      5.769     7.105     0.814
  661      6.615     8.987     1.051
  662      6.750     8.210     1.270
  663      6.488     9.489     1.306
  664      5.308     5.325     0.311
  665      4.958     6.664     0.506
  666      3.844     5.172     0.236
  667      4.217     4.890     0.346
  668      5.596     6.765     0.388
  669      5.400     6.458     0.292
  670      6.480     5.597     0.449
  671      6.633     5.565     0.426
  672      9.999    12.939     1.668
  673      0.000     0.000    -1.000
  674      8.111     6.727     0.453
  675      0.000     0.000    -1.000
  676      8.077    10.195     0.912
  677      8.848    11.925     0.963
  678      8.158     8.772     0.927
  679      7.500     5.133     0.395
  680      0.000     0.000    -1.000
  681      0.000     0.000    -1.000
  682      0.000     0.000    -1.000
  683      4.286     4.876     0.252
  684      0.000     0.000    -1.000
  685      5.485     6.150     0.287
  686      6.059     6.999     0.599
  687      6.829     8.743     0.751
  688      8.130    10.421     0.724
  689      8.376    11.243     0.887
  690      6.526     7.461     0.605
  691      7.100     9.643     0.776
  692      0.000     0.000    -1.000
  693     10.029     8.341     0.531
  694      0.000     0.000    -1.000
  695      8.722     7.732     0.616
  696      8.357     7.559     0.713
  697      0.000     0.000    -1.000
  698      8.857    10.359     1.245
  699      0.000     0.000    -1.000
  700      0.000     0.000    -1.000
  701      9.500     6.370     0.318
  702      0.000     0.000    -1.000
  703      8.783     7.509     0.467
  704      0.000     0.000    -1.000
  705      9.842     8.380     0.662
  706     10.567     9.472     1.335
  707      8.797     6.993     0.932
  708     11.816    12.728     1.643
  709     14.499    13.108     1.563
  710     20.164    15.500     2.046
  711     13.214     9.671     0.929
  712      0.000     0.000    -1.000
  713     13.178     8.075     0.642
  714      0.000     0.000    -1.000
  715     13.039     9.551     0.991
  716      0.000     0.000    -1.000
  717     12.913     7.235     0.628
  718     13.851     5.099     0.274
  719      0.000     0.000    -1.000
  720     14.442     9.933     0.871
  721     11.722     6.517     0.149
  722      0.000     0.000    -1.000
  723     11.976     5.659     0.254
  724     13.457     8.465     0.937
  725     13.917     9.949     1.694
  726     14.225    12.175     1.831
  727     13.246    10.171     1.572
  728     13.421     8.523     1.135
  729     13.034     8.090     1.166
  730      0.000     0.000    -1.000
  731     12.303     8.116     0.897
  732      0.000     0.000    -1.000
  733     13.635     7.371     1.113
  734      0.000     0.000    -1.000
  735     11.400     7.218     0.973
  736      0.000     0.000    -1.000
  737     15.667     7.688     0.843
  738    -11.875     7.197     0.605
  739    -12.043     7.292     0.626
  740    -12.382     6.242     0.406
  741    -11.281     6.892     0.357
  742    -12.937     6.600     0.738
  743    -11.954     8.302     1.189
  744     -9.706     5.848     0.698
  745    -10.441     5.655     0.849
  746    -10.125     6.441     0.286
  747    -10.280     6.459     0.369
  748    -12.194     6.782     0.725
  749    -12.934     6.814     0.651
  750     -4.249    12.042     1.102
  751     -3.459    11.962     0.878
  752      2.804     5.228     0.429
  753      0.000     0.000    -1.000
  754     -3.522     6.344     0.352
  755     -3.241     5.521     0.221
  756     -5.415     6.866     0.360
  757     -5.615     7.088     0.407
  758     -3.913    10.465     1.075
  759     -4.306    10.448     1.325
  760     -4.469     4.366     0.114
  761     -4.843     4.408     0.124
  762     -3.120     8.250     0.873
  763     -4.320     8.751     1.038
  764     -6.000    10.127     1.355
  765     -6.579     4.660     0.127
  766     -3.667    10.371     1.307
  767     -5.047     8.006     1.106
  768     -4.482    10.400     1.097
  769     -5.519     7.109     0.409
  770     -6.217     6.782     0.378
  771     -5.565     9.622     0.917
  772      0.000     0.000    -1.000
  773      0.000     0.000    -1.000
  774      0.000     0.000    -1.000
  775      0.000     0.000    -1.000
  776     -5.213    10.616     1.001
  777     -5.425    10.648     1.025
  778     -7.227     8.314     0.804
  779     -5.957    10.607     1.314
  780     -7.170     7.401     0.574
  781     -7.085     6.829     0.575
  782     -6.600     9.559     0.793
  783     -5.175    11.455     0.976
  784     -5.000    10.912     0.935
  785     -6.235     8.997     0.794
  786     -5.684    10.076     1.482
  787     -7.457     6.124     0.604
  788     -4.840    11.866     1.436
  789     -6.667    10.176     0.929
  790     -9.216     5.478     0.439
  791     -8.514     5.309     0.420
  792     -8.561     6.206     0.355
  793     -7.974     6.700     0.629
  794      0.000     0.000    -1.000
  795      0.000     0.000    -1.000
  796     -9.581    10.009     0.792
  797     -8.935     9.985     0.742
  798     -8.550     7.148     0.348
  799     -9.098     7.122     0.358
  800     -9.000     7.102     0.666
  801     -9.650     6.890     0.796
  802     -9.800     7.093     0.537
  803     -9.353     7.330     0.610
  804     -8.053     8.882     1.036
  805     -8.697     5.143     0.251
  806     -8.526     8.005     1.073
  807     -8.474     8.318     1.134
  808      0.000     0.000    -1.000
  809     -8.854     4.269     0.102
  810     -8.529     4.704     0.155
  811      0.000     0.000    -1.000
  812   -508.750     5.865     0.266
  813   -169.625     5.600     0.210
  814   -511.237    11.879     0.744
  815   -172.063    12.250     0.766
  816   -175.388     4.877     0.477
  817    154.677     4.849     0.475
  818   -179.831     6.429     1.129
  819    160.379     4.412     0.360
  820   -182.485     4.517     0.267
  821    159.316     3.130     0.115
  822    151.191     9.835     1.233
  823      0.000     0.000    -1.000
  824    151.327     5.818     0.691
  825      0.000     0.000    -1.000
  826      0.000     0.000    -1.000
  827      0.000     0.000    -1.000
  828    151.767     9.444     1.319
  829      0.000     0.000    -1.000
  830      6.957     5.571     0.534
  831      6.440     5.893     0.460
  832      6.091     5.991     0.405
  833      0.000     0.000    -1.000
  834      5.559     7.371     1.014
  835      6.391     9.195     1.480
  836      7.534    10.583     1.385
  837      5.294     6.896     0.343
  838      6.444     9.494     0.606
  839      5.215     8.420     1.121
  840      5.936     9.803     1.534
  841      4.864     5.901     0.347
  842      4.280     6.283     0.614
  843      4.111     5.946     0.450
  844      6.509     4.912     0.503
  845      5.873     4.984     0.521
  846      5.836     7.141     0.773
  847      6.719     8.853     1.268
  848      5.439     5.141     0.275
  849      5.500     5.563     0.320
  850      6.220     4.875     0.402
  851      5.375     4.314     0.160
  852      0.000     0.000    -1.000
  853      0.000     0.000    -1.000
  854      8.255    10.351     1.345
  855      7.105     8.558     1.019
  856      6.814     7.443     0.795
  857      6.381     5.228     0.255
  858      7.138     5.532     0.236
  859      0.000     0.000    -1.000
  860      0.000     0.000    -1.000
  861      0.000     0.000    -1.000
  862      0.000     0.000    -1.000
  863      0.000     0.000    -1.000
  864      5.611     5.181     0.405
  865      5.125     6.800     0.444
  866      7.286     8.876     0.973
  867      8.158     9.912     0.821
  868      5.333     5.538     0.376
  869      6.474     6.081     0.272
  870      0.000     0.000    -1.000
  871      7.650     6.022     0.406
  872      0.000     0.000    -1.000
  873      5.645     8.932     0.807
  874      0.000     0.000    -1.000
  875      5.769     7.544     0.294
  876      6.917     5.845     0.325
  877      7.500     5.144     0.278
  878      8.786    11.393     0.730
  879      9.429    11.294     0.686
  880      0.000     0.000    -1.000
  881      7.821     8.826     0.924
  882      0.000     0.000    -1.000
  883      8.787     8.812     1.029
  884      0.000     0.000    -1.000
  885      9.591     6.600     0.654
  886      7.683     8.652     0.790
  887      0.000     0.000    -1.000
  888     10.200    10.704     0.925
  889      0.000     0.000    -1.000
  890      0.000     0.000    -1.000
  891     10.915    10.638     1.111
  892      0.000     0.000    -1.000
  893     10.434    10.861     1.223
  894      0.000     0.000    -1.000
  895      9.279     8.111     1.025
  896     10.852     7.043     0.659
  897     11.852     9.757     1.294
  898     10.333     6.254     0.642
  899     10.706     6.250     0.435
  900      0.000     0.000    -1.000
  901     10.517     5.500     0.450
  902      0.000     0.000    -1.000
  903     12.640     7.855     0.791
  904      0.000     0.000    -1.000
  905     12.774     7.348     1.150
  906     13.621     8.095     0.991
  907     13.316     6.410     0.525
  908      0.000     0.000    -1.000
  909      0.000     0.000    -1.000
  910     12.619     7.239     0.861
  911     12.742     7.016     0.837
  912     12.967    10.059     1.569
  913     12.763     8.558     0.944
  914     12.680     6.851     0.546
  915     12.647     6.741     0.717
  916      0.000     0.000    -1.000
  917     12.022     5.713     0.414
  918      0.000     0.000    -1.000
  919     11.635     7.974     0.966
  920      0.000     0.000    -1.000
  921     12.797     5.085     0.401
  922      0.000     0.000    -1.000
  923     13.508     7.082     0.837
  924    -12.705     6.812     0.523
  925    -12.710     6.861     0.515
  926    -12.311     8.281     0.592
  927    -12.458     8.181     0.771
  928    -11.678     6.552     0.283
  929    -10.714     8.484     0.802
  930     -9.800     6.032     0.355
  931    -10.152     5.741     0.265
  932     -9.640     5.035     0.160
  933    -10.000     4.885     0.273
  934     -9.308     6.579     0.334
  935     -8.500     8.612     0.637
  936    -18.569     6.688     0.698
  937    -11.836     8.400     1.354
  938     -3.979     5.594     0.365
  939     -3.000     8.699     0.899
  940     -3.367     6.358     0.328
  941     -3.694     6.162     0.218
  942     -4.679     6.455     0.793
  943     -4.660     6.404     0.748
  944     -3.681     6.315     0.803
  945     -3.889     6.793     0.839
  946     -1.762     8.651     0.925
  947     -0.659    10.792     1.076
  948     -5.122     9.817     1.230
  949     -5.440     8.315     0.945
  950     -4.412     6.030     0.542
  951      0.000     0.000    -1.000
  952     -3.387     6.670     0.210
  953     -4.517     6.961     0.352
  954     -4.395     6.506     0.506
  955     -4.581     6.047     0.382
  956     -4.714     7.947     1.235
  957     -5.089     7.876     0.904
  958     -4.954    10.926     0.986
  959     -6.350     8.478     0.632
  960     -4.739    10.619     1.084
  961     -4.319    10.576     1.133
  962     -5.186     9.516     0.880
  963     -6.641     6.926     0.352
  964     -4.961    10.621     1.537
  965     -4.500    10.697     1.682
  966     -7.071     6.080     0.289
  967     -8.133     6.168     0.335
  968     -7.743     7.059     0.455
  969     -7.667     7.393     0.571
  970     -7.905     7.834     0.789
  971     -6.857    10.210     1.419
  972     -5.800     8.777     1.041
  973     -7.045     5.283     0.205
  974     -6.143     7.548     1.014
  975     -6.628     7.837     1.026
  976     -8.333     5.718     0.390
  977     -7.326     8.472     1.156
  978     -8.636     7.808     1.436
  979     -6.805    10.592     1.921
  980     -8.611     9.693     1.156
  981     -7.973     9.284     1.258
  982     -8.818     6.027     0.325
  983      0.000     0.000    -1.000
  984     -7.031    13.959     1.661
  985     -8.395    11.931     1.511
  986     -7.976     5.483     0.350
  987     -7.683     5.770     0.402
  988    -10.238     6.996     0.654
  989     -9.977     7.025     0.671
  990     -9.098     4.695     0.258
  991     -7.977     7.286     1.216
  992    -10.556     5.209     0.247
  993    -10.486     5.179     0.243
  994      0.000     0.000    -1.000
  995      0.000     0.000    -1.000
  996     -6.722     8.846     1.396
  997     -8.429     2.664     0.156
  998     -8.509     7.632     1.536
  999     -9.491     4.528     0.206
 1000   -511.356     7.616     1.194
 1001   -165.240     9.168     1.557
 1002   -509.029     5.258     0.316
 1003   -166.549     7.309     1.261
 1004    147.868     6.318     0.775
 1005      0.000     0.000    -1.000
 1006    149.426     7.152     1.204
 1007      0.000     0.000    -1.000
 1008    149.680     6.243     0.698
 1009      0.000     0.000    -1.000
 1010    147.311     6.167     0.621
 1011      0.000     0.000    -1.000
 1012      5.516     8.300     0.908
 1013      4.932     6.302     0.486
 1014      5.343     5.082     0.554
 1015      5.208     5.779     1.121
 1016      6.000     9.899     0.599
 1017      6.538     9.468     0.692
 1018      7.000     8.674     1.177
 1019      5.618     6.380     0.471
 1020      5.338     7.175     0.788
 1021      6.155     8.247     1.026
 1022      6.639     7.821     1.205
 1023      5.983     5.277     0.612
 1024      4.379     5.524     0.466
 1025      3.982     8.232     1.130
 1026      6.053    14.133     2.472
 1027      4.091    10.724     1.530
 1028      5.241     7.287     0.686
 1029      5.386     7.092     0.680
 1030      6.511    10.381     1.486
 1031      6.000     9.160     1.256
 1032      0.000     0.000    -1.000
 1033      6.116     5.711     0.248
 1034      5.727     3.440     0.226
 1035      0.000     0.000    -1.000
 1036      0.000     0.000    -1.000
 1037      0.000     0.000    -1.000
 1038      0.000     0.000    -1.000
 1039      0.000     0.000    -1.000
 1040      6.857     4.373     0.225
 1041      5.833     4.793     0.294
 1042     10.315     9.462     1.197
 1043      9.300     8.724     0.559
 1044      0.000     0.000    -1.000
 1045      5.591     6.736     0.429
 1046      0.000     0.000    -1.000
 1047      5.278     7.411     0.430
 1048      0.000     0.000    -1.000
 1049      7.556     5.366     0.209
 1050      0.000     0.000    -1.000
 1051      7.743     7.722     0.713
 1052      7.815     5.114     0.193
 1053      8.500     5.605     0.242
 1054      9.875    10.173     0.860
 1055      8.677     6.034     0.369
 1056      0.000     0.000    -1.000
 1057      7.970     6.913     0.304
 1058      0.000     0.000    -1.000
 1059      9.429    10.507     0.544
 1060      0.000     0.000    -1.000
 1061     12.333     9.128     1.143
 1062     11.977    11.785     1.580
 1063      0.000     0.000    -1.000
 1064     10.028    12.294     1.019
 1065      0.000     0.000    -1.000
 1066     10.673    14.516     1.284
 1067      0.000     0.000    -1.000
 1068      0.000     0.000    -1.000
 1069     10.320     7.361     0.979
 1070      0.000     0.000    -1.000
 1071     12.095     5.891     0.336
 1072     10.731     5.306     0.612
 1073     11.296     5.516     0.708
 1074     13.439    10.145     1.198
 1075     11.095     7.076     0.537
 1076     11.000     6.113     0.635
 1077     10.442     6.644     0.661
 1078      0.000     0.000    -1.000
 1079     11.698     9.850     1.311
 1080      0.000     0.000    -1.000
 1081      9.154     8.994     0.331
 1082      0.000     0.000    -1.000
 1083     11.419     6.989     0.667
 1084      0.000     0.000    -1.000
 1085     14.615     8.376     0.994
 1086      0.000     0.000    -1.000
 1087     11.600     5.958     0.732
 1088      0.000     0.000    -1.000
 1089     10.333     6.375     0.828
 1090      0.000     0.000    -1.000
 1091     12.492     7.733     1.169
 1092    -10.312     6.075     0.229
 1093    -10.424     6.397     0.536
 1094    -11.594     6.497     0.429
 1095    -11.906     6.964     0.582
 1096    -11.319     9.489     1.149
 1097    -11.714     7.878     0.718
 1098    -11.138     8.677     0.735
 1099    -10.770     8.601     0.555
 1100    -11.314     6.608     0.794
 1101    -12.080     6.635     0.871
 1102     -1.983     6.242     0.728
 1103     -1.394     5.954     0.694
 1104     -4.654     7.603     1.128
 1105      0.000     0.000    -1.000
 1106      0.000     0.000    -1.000
 1107      0.000     0.000    -1.000
 1108     -6.000     8.732     0.731
 1109      0.000     0.000    -1.000
 1110     -4.579     7.870     0.551
 1111     -5.308     7.825     0.627
 1112     -3.050     7.993     0.624
 1113     -3.381     8.306     0.451
 1114     -3.387     6.062     0.303
 1115     -1.353    10.521     0.920
 1116     -4.733     7.430     0.915
 1117     -3.917     9.468     1.156
 1118     -6.533     8.240     0.895
 1119     -5.727     7.817     0.763
 1120     -2.780    11.984     1.370
 1121     -3.132    12.329     1.286
 1122     -6.286     9.194     0.558
 1123     -6.524     9.100     0.642
 1124     -2.391    10.753     0.945
 1125     -2.600     9.338     0.905
 1126     -6.526     9.077     0.875
 1127     -7.216     6.217     0.348
 1128     -7.158     6.145     0.363
 1129     -7.044     6.086     0.589
 1130     -4.742    11.746     1.254
 1131     -4.649    11.136     1.130
 1132     -6.771    10.012     0.941
 1133     -6.771     9.989     0.794
 1134     -9.615     6.519     0.529
 1135     -8.333     9.676     1.260
 1136     -6.500     7.749     0.908
 1137     -5.100     8.887     1.246
 1138     -5.627     8.274     1.207
 1139     -8.469     4.309     0.200
 1140     -7.571     4.540     0.292
 1141     -7.359     4.317     0.190
 1142     -9.933     7.199     1.012
 1143     -6.750    12.186     1.844
 1144     -5.954    12.467     1.738
 1145     -7.136    10.414     1.613
 1146     -8.744     5.225     0.164
 1147     -8.692     5.253     0.352
 1148     -9.809     7.953     1.420
 1149    -10.633     8.218     1.305
 1150      0.000     0.000    -1.000
 1151      0.000     0.000    -1.000
 1152     -8.750     7.217     0.755
 1153     -7.375     7.720     0.309
 1154     -9.391     5.383     0.473
 1155     -9.128     5.632     0.451
 1156     -6.564    11.664     1.584
 1157     -8.357     8.536     0.637
 1158     -6.571     7.660     1.248
 1159     -7.621     8.560     1.519
 1160    -10.770     6.028     0.928
 1161    -10.452     4.387     0.539
 1162    -10.270     5.313     0.479
 1163    -10.312     4.977     0.704
 1164      0.000     0.000    -1.000
 1165     15.066    25.518     2.224
 1166      4.667     8.698     1.266
 1167      4.019     8.455     1.215
 1168      5.383     5.229     0.351
 1169      6.592     7.687     0.752
 1170      5.816     5.713     0.239
 1171      6.333     5.632     0.356
 1172      7.000     8.515     0.525
 1173      0.000     0.000    -1.000
 1174      8.879     9.685     0.937
 1175      0.000     0.000    -1.000
 1176      8.044    10.761     1.265
 1177      0.000     0.000    -1.000
 1178      5.519     4.201     0.201
 1179      0.000     0.000    -1.000
 1180      5.471     6.616     0.612
 1181      0.000     0.000    -1.000
 1182      0.000     0.000    -1.000
 1183      0.000     0.000    -1.000
 1184      0.000     0.000    -1.000
 1185      8.045     9.615     1.338
 1186      0.000     0.000    -1.000
 1187      0.000     0.000    -1.000
 1188      0.000     0.000    -1.000
 1189      9.194     6.953     0.618
 1190      0.000     0.000    -1.000
 1191      7.273     4.681     0.240
 1192     12.040     5.882     0.318
 1193      8.917     4.142     0.052
 1194      0.000     0.000    -1.000
 1195      8.111     6.448     0.379
 1196      0.000     0.000    -1.000
 1197     11.741     9.383     0.639
 1198      0.000     0.000    -1.000
 1199     10.833     9.691     0.693
 1200     13.372     8.175     0.734
 1201      0.000     0.000    -1.000
 1202      7.471     9.367     0.838
 1203      0.000     0.000    -1.000
 1204      8.455     9.490     1.092
 1205      0.000     0.000    -1.000
 1206      0.000     0.000    -1.000
 1207      0.000     0.000    -1.000
 1208      0.000     0.000    -1.000
 1209     11.435     9.445     1.126
 1210      0.000     0.000    -1.000
 1211     10.875     5.498     0.393
 1212     10.920     5.864     0.463
 1213     11.043     5.634     0.588
 1214     11.875     8.514     0.810
 1215     11.625     8.288     1.096
 1216      0.000     0.000    -1.000
 1217     13.471     7.827     1.098
 1218      0.000     0.000    -1.000
 1219   -815.566    13.104     1.649
 1220     30.773    35.149     1.256
 1221     26.880    32.966     1.431
 1222     -4.550     9.649     0.631
 1223     -3.420    12.421     1.267
 1224     -1.878     6.942     0.633
 1225     -2.381     7.123     0.515
 1226     -4.200     6.161     0.283
 1227      0.000     0.000    -1.000
 1228     -4.692     8.045     0.552
 1229      0.000     0.000    -1.000
 1230     -2.905    10.392     1.336
 1231     -4.949     8.045     0.901
 1232      0.000     0.000    -1.000
 1233      0.000     0.000    -1.000
 1234     -5.773     6.370     0.492
 1235     -4.702     8.962     0.866
 1236     -4.949     8.244     0.411
 1237     -4.487     8.409     0.567
 1238     -3.746    12.478     1.008
 1239     -4.538    11.703     0.992
 1240     -4.333     9.807     1.101
 1241     -4.544     9.595     0.920
 1242     -8.029     6.091     0.288
 1243     -7.595     6.800     0.389
 1244     -6.939     6.466     0.219
 1245     -7.061     6.020     0.186
 1246     -8.071     5.593     0.246
 1247     -7.000     5.789     0.289
 1248     -8.543     6.711     0.671
 1249     -9.182     6.464     0.685
 1250     -6.312     5.040     0.290
 1251      0.000     0.000    -1.000
 1252     -7.250     4.199     0.150
 1253     -7.923     4.364     0.156
 1254     -8.043     4.368     0.203
 1255      0.000     0.000    -1.000
 1256     -8.592     7.494     1.318
 1257     -9.653     4.108     0.186
 1258     -7.898     7.549     1.215
 1259     -8.347     7.701     1.105
 1260     -8.118     4.732     0.347
 1261     -5.594    10.386     1.244
 1262    -10.542     7.316     0.978
 1263    -10.837     7.579     1.061
 1264    -10.686     7.652     0.932
 1265    -10.551     7.722     0.841
 1266      0.000     0.000    -1.000
 1267      0.000     0.000    -1.000
 1268    -10.878     6.012     0.308
 1269      0.000     0.000    -1.000
 1270    -10.702     6.677     0.617
 1271    -10.956     6.726     0.568
 1272     -8.410     8.385     1.067
 1273     -7.034    10.529     1.416
 1274      7.818    24.556     2.280
 1275     12.689    27.258     2.230
 1276      7.444     8.858     0.694
 1277      0.000     0.000    -1.000
 1278      5.400     3.072     0.064
 1279      0.000     0.000    -1.000
 1280      6.042     6.284     0.363
 1281      0.000     0.000    -1.000
 1282      4.190     6.929     0.540
 1283      0.000     0.000    -1.000
 1284      4.850     6.283     0.675
 1285      0.000     0.000    -1.000
 1286      0.000     0.000    -1.000
 1287      5.095     6.545     0.456
 1288      5.444     5.833     0.258
 1289   -506.364     4.950     0.273
 1290      6.100     5.949     0.468
 1291   -504.412     5.347     0.338
 1292      0.000     0.000    -1.000
 1293      7.000     4.928     0.413
 1294      0.000     0.000    -1.000
 1295     10.400     8.407     0.794
 1296      0.000     0.000    -1.000
 1297      0.000     0.000    -1.000
 1298     11.579     6.804     0.525
 1299      0.000     0.000    -1.000
 1300      8.829     7.351     0.650
 1301      0.000     0.000    -1.000
 1302      0.000     0.000    -1.000
 1303     10.962    14.319     1.451
 1304      0.000     0.000    -1.000
 1305     11.047     8.907     0.947
 1306      0.000     0.000    -1.000
 1307      9.514     8.118     0.700
 1308     11.000     7.467     0.416
 1309     11.235     7.573     0.403
 1310     10.467     5.049     0.278
 1311     10.318     5.607     0.311
 1312     -6.438     7.891     0.546
 1313      0.000     0.000    -1.000
 1314     -2.091    10.705     1.209
 1315     -2.721    11.045     1.113
 1316     -4.650     8.542     1.432
 1317     -4.692     8.407     1.303
 1318     -5.632     9.537     0.340
 1319     -4.756     8.063     0.810
 1320     -2.810     6.261     0.533
 1321     -3.737     6.214     0.373
 1322     -2.838     6.840     0.430
 1323     -3.421     6.714     0.445
 1324     -1.625     7.304     0.351
 1325     -2.333     7.613     0.656
 1326     -5.976     8.025     0.576
 1327     -4.911    10.582     1.217
 1328     -4.657     5.503     0.337
 1329     -4.371     6.211     0.405
 1330      0.000     0.000    -1.000
 1331     -7.765     5.531     0.640
 1332     -9.914     4.976     0.399
 1333     -9.333     5.022     0.452
 1334     -9.273     5.353     0.260
 1335     -9.311     5.281     0.241
 1336     -8.514     3.760     0.286
 1337     -8.421     4.126     0.396
 1338     -7.324     9.070     1.238
 1339     -8.086     4.312     0.249
 1340     -9.857     4.859     0.339
 1341     -9.167     7.837     0.834
 1342     -9.696     4.759     0.277
 1343     -9.800     4.778     0.209
 1344    -10.704     6.126     0.521
 1345    -10.095     6.402     0.585
 1346    -10.188     6.161     0.607
 1347      0.000     0.000    -1.000
 1348      0.000     0.000    -1.000
 1349      0.000     0.000    -1.000
 1350      0.000     0.000    -1.000
 1351      0.000     0.000    -1.000
 1352      0.000     0.000    -1.000
 1353      0.000     0.000    -1.000
 1354      0.000     0.000    -1.000
 1355      0.000     0.000    -1.000
 1356      0.000     0.000    -1.000
 1357      0.000     0.000    -1.000
 1358      0.000     0.000    -1.000
 1359      0.000     0.000    -1.000
 1360      0.000     0.000    -1.000
 1361      0.000     0.000    -1.000
 1362      0.000     0.000    -1.000
 1363      0.000     0.000    -1.000
 1364      0.000     0.000    -1.000
 1365      0.000     0.000    -1.000
 1366      0.000     0.000    -1.000
 1367      0.000     0.000    -1.000
 1368      0.000     0.000    -1.000
 1369      0.000     0.000    -1.000
 1370      0.000     0.000    -1.000
 1371      0.000     0.000    -1.000
 1372      0.000     0.000    -1.000
 1373      0.000     0.000    -1.000
 1374      0.000     0.000    -1.000
 1375      0.000     0.000    -1.000
 1376      0.000     0.000    -1.000
 1377      0.000     0.000    -1.000
 1378      0.000     0.000    -1.000
 1379      0.000     0.000    -1.000
 1380      0.000     0.000    -1.000
 1381      0.000     0.000    -1.000
 1382      0.000     0.000    -1.000
 1383      0.000     0.000    -1.000
 1384      0.000     0.000    -1.000
 1385      0.000     0.000    -1.000
 1386      0.000     0.000    -1.000
 1387      0.000     0.000    -1.000
 1388      0.000     0.000    -1.000
 1389      0.000     0.000    -1.000
 1390      0.000     0.000    -1.000
 1391      0.000     0.000    -1.000
 1392      0.000     0.000    -1.000
 1393      0.000     0.000    -1.000
 1394      0.000     0.000    -1.000
 1395      0.000     0.000    -1.000
 1396      0.000     0.000    -1.000
 1397      0.000     0.000    -1.000
 1398      0.000     0.000    -1.000
 1399      0.000     0.000    -1.000
 1400     -0.455     6.927     0.489
 1401      0.000     0.000    -1.000
 1402      0.000     0.000    -1.000
 1403      0.000     0.000    -1.000
 1404      0.000     0.000    -1.000
 1405      0.000     0.000    -1.000
 1406      0.000     0.000    -1.000
 1407      0.000     0.000    -1.000
 1408      0.000     0.000    -1.000
 1409      0.000     0.000    -1.000
 1410      0.000     0.000    -1.000
 1411      0.000     0.000    -1.000
 1412      0.000     0.000    -1.000
 1413      0.000     0.000    -1.000
 1414      0.000     0.000    -1.000
 1415      0.000     0.000    -1.000
 1416      0.000     0.000    -1.000
 1417      0.000     0.000    -1.000
 1418      0.000     0.000    -1.000
 1419     11.769     6.588     0.451
 1420      0.000     0.000    -1.000
 1421     17.343    12.235     0.660
 1422      0.000     0.000    -1.000
 1423      0.000     0.000    -1.000
 1424      0.000     0.000    -1.000
 1425      0.000     0.000    -1.000
 1426      0.000     0.000    -1.000
 1427      0.000     0.000    -1.000
 1428      0.000     0.000    -1.000
 1429      0.000     0.000    -1.000
 1430      0.000     0.000    -1.000
 1431      0.000     0.000    -1.000
 1432      0.000     0.000    -1.000
 1433      0.000     0.000    -1.000
 1434      0.000     0.000    -1.000
 1435     11.308     7.475     0.404
 1436      0.000     0.000    -1.000
 1437      0.000     0.000    -1.000
 1438      0.000     0.000    -1.000
 1439      0.000     0.000    -1.000
 1440      0.000     0.000    -1.000
 1441      0.000     0.000    -1.000
 1442      0.000     0.000    -1.000
 1443      0.000     0.000    -1.000
 1444     -9.000     6.164     0.283
 1445     -9.667     6.445     0.305
 1446    -12.077     6.592     0.278
 1447      0.000     0.000    -1.000
 1448      0.000     0.000    -1.000
 1449      0.000     0.000    -1.000
 1450      0.000     0.000    -1.000
 1451      0.000     0.000    -1.000
 1452      0.000     0.000    -1.000
 1453      0.000     0.000    -1.000
 1454      0.000     0.000    -1.000
 1455      0.000     0.000    -1.000
 1456      0.000     0.000    -1.000
 1457      0.000     0.000    -1.000
 1458      0.000     0.000    -1.000
 1459      0.000     0.000    -1.000
 1460      0.000     0.000    -1.000
 1461      0.000     0.000    -1.000
 1462      0.000     0.000    -1.000
 1463      0.000     0.000    -1.000
 1464      0.000     0.000    -1.000
 1465      0.000     0.000    -1.000
 1466      0.000     0.000    -1.000
 1467      0.000     0.000    -1.000
 1468      0.000     0.000    -1.000
 1469      0.000     0.000    -1.000
 1470      0.000     0.000    -1.000
 1471      0.000     0.000    -1.000
 1472      0.000     0.000    -1.000
 1473      0.000     0.000    -1.000
 1474      0.000     0.000    -1.000
 1475      0.000     0.000    -1.000
 1476      0.000     0.000    -1.000
 1477      0.000     0.000    -1.000
 1478      0.000     0.000    -1.000
 1479      0.000     0.000    -1.000
 1480      0.000     0.000    -1.000
 1481      0.000     0.000    -1.000
 1482      0.000     0.000    -1.000
 1483      0.000     0.000    -1.000
 1484      0.000     0.000    -1.000
 1485      0.000     0.000    -1.000
 1486      0.000     0.000    -1.000
 1487      0.000     0.000    -1.000
 1488      0.000     0.000    -1.000
 1489      0.000     0.000    -1.000
 1490      0.000     0.000    -1.000
 1491      0.000     0.000    -1.000
 1492      0.000     0.000    -1.000
 1493      7.287    11.684     0.571
 1494      0.000     0.000    -1.000
 1495      0.000     0.000    -1.000
 1496      0.000     0.000    -1.000
 1497      4.636     3.699     0.086
 1498      0.000     0.000    -1.000
 1499      0.000     0.000    -1.000
 1500      0.000     0.000    -1.000
 1501      0.000     0.000    -1.000
 1502      0.000     0.000    -1.000
 1503      0.000     0.000    -1.000
 1504      0.000     0.000    -1.000
 1505      0.000     0.000    -1.000
 1506      0.000     0.000    -1.000
 1507      0.000     0.000    -1.000
 1508      0.000     0.000    -1.000
 1509      0.000     0.000    -1.000
 1510      0.000     0.000    -1.000
 1511      0.000     0.000    -1.000
 1512      0.000     0.000    -1.000
 1513      0.000     0.000    -1.000
 1514      0.000     0.000    -1.000
 1515      0.000     0.000    -1.000
 1516      0.000     0.000    -1.000
 1517      0.000     0.000    -1.000
 1518      0.000     0.000    -1.000
 1519      0.000     0.000    -1.000
 1520      0.000     0.000    -1.000
 1521      0.000     0.000    -1.000
 1522      0.000     0.000    -1.000
 1523      0.000     0.000    -1.000
 1524      0.000     0.000    -1.000
 1525      0.000     0.000    -1.000
 1526      0.000     0.000    -1.000
 1527      0.000     0.000    -1.000
 1528      0.000     0.000    -1.000
 1529      0.000     0.000    -1.000
 1530      0.000     0.000    -1.000
 1531      0.000     0.000    -1.000
 1532      0.000     0.000    -1.000
 1533      0.000     0.000    -1.000
 1534      0.000     0.000    -1.000
 1535     16.273     5.545     0.445
 1536      0.000     0.000    -1.000
 1537      0.000     0.000    -1.000
 1538      0.000     0.000    -1.000
 1539      0.000     0.000    -1.000
 1540      0.000     0.000    -1.000
 1541      0.000     0.000    -1.000
 1542      0.000     0.000    -1.000
 1543      0.000     0.000    -1.000
 1544      0.000     0.000    -1.000
 1545      0.000     0.000    -1.000
 1546      0.000     0.000    -1.000
 1547      0.000     0.000    -1.000
 1548      0.000     0.000    -1.000
 1549      0.000     0.000    -1.000
 1550      0.000     0.000    -1.000
 1551      0.000     0.000    -1.000
 1552      0.000     0.000    -1.000
 1553      0.000     0.000    -1.000
 1554      0.000     0.000    -1.000
 1555      0.000     0.000    -1.000
 1556      0.000     0.000    -1.000
 1557      0.000     0.000    -1.000
 1558      0.000     0.000    -1.000
 1559      0.000     0.000    -1.000
 1560      0.000     0.000    -1.000
 1561      0.000     0.000    -1.000
 1562      0.000     0.000    -1.000
 1563      0.000     0.000    -1.000
 1564      0.000     0.000    -1.000
 1565      0.000     0.000    -1.000
 1566      0.000     0.000    -1.000
 1567      0.000     0.000    -1.000
 1568      0.000     0.000    -1.000
 1569      0.000     0.000    -1.000
 1570      0.000     0.000    -1.000
 1571      0.000     0.000    -1.000
 1572     -4.000     5.079     0.215
 1573      0.000     0.000    -1.000
 1574      0.000     0.000    -1.000
 1575      0.000     0.000    -1.000
 1576      0.000     0.000    -1.000
 1577      0.000     0.000    -1.000
 1578      0.000     0.000    -1.000
 1579     -3.000     6.239     0.274
 1580      0.000     0.000    -1.000
 1581      0.000     0.000    -1.000
 1582      0.000     0.000    -1.000
 1583      0.000     0.000    -1.000
 1584      0.000     0.000    -1.000
 1585      0.000     0.000    -1.000
 1586      0.000     0.000    -1.000
 1587      0.000     0.000    -1.000
 1588      0.000     0.000    -1.000
 1589      0.000     0.000    -1.000
 1590      0.000     0.000    -1.000
 1591      0.000     0.000    -1.000
 1592      0.000     0.000    -1.000
 1593      0.000     0.000    -1.000
 1594      0.000     0.000    -1.000
 1595      0.000     0.000    -1.000
 1596      0.000     0.000    -1.000
 1597      0.000     0.000    -1.000
 1598      0.000     0.000    -1.000
 1599      0.000     0.000    -1.000
 1600      0.000     0.000    -1.000
 1601      0.000     0.000    -1.000
 1602      0.000     0.000    -1.000
 1603      0.000     0.000    -1.000
 1604      0.000     0.000    -1.000
 1605      0.000     0.000    -1.000
 1606      0.000     0.000    -1.000
 1607      0.000     0.000    -1.000
 1608      0.000     0.000    -1.000
 1609      0.000     0.000    -1.000
 1610      0.000     0.000    -1.000
 1611      0.000     0.000    -1.000
 1612      0.000     0.000    -1.000
 1613      0.000     0.000    -1.000
 1614      0.000     0.000    -1.000
 1615      0.000     0.000    -1.000
 1616      0.000     0.000    -1.000
 1617      0.000     0.000    -1.000
 1618      0.000     0.000    -1.000
 1619      0.000     0.000    -1.000
 1620      0.000     0.000    -1.000
 1621      0.000     0.000    -1.000
 1622     -7.455    12.545     0.648
 1623      0.000     0.000    -1.000
 1624      0.000     0.000    -1.000
 1625      0.000     0.000    -1.000
 1626      0.000     0.000    -1.000
 1627      0.000     0.000    -1.000
 1628     -7.267     6.060     0.140
 1629     -7.000     5.888     0.202
 1630      0.000     0.000    -1.000
 1631      0.000     0.000    -1.000
 1632     -6.231     5.055     0.365
 1633     -6.077     4.614     0.143
 1634     -7.167     4.277     0.237
 1635     -7.000     4.242     0.096
 1636      0.000     0.000    -1.000
 1637      0.000     0.000    -1.000
 1638      0.000     0.000    -1.000
 1639      0.000     0.000    -1.000
 1640      0.000     0.000    -1.000
 1641      0.000     0.000    -1.000
 1642      0.000     0.000    -1.000
 1643      0.000     0.000    -1.000
 1644      0.000     0.000    -1.000
 1645      0.000     0.000    -1.000
 1646     -0.455     7.488     0.351
 1647      0.000     0.000    -1.000
 1648      0.000     0.000    -1.000
 1649      0.000     0.000    -1.000
 1650      0.000     0.000    -1.000
 1651      0.000     0.000    -1.000
 1652      0.000     0.000    -1.000
 1653      0.000     0.000    -1.000
 1654     10.504    12.177     0.716
 1655     10.841    12.678     0.642
 1656      0.000     0.000    -1.000
 1657      0.000     0.000    -1.000
 1658      0.000     0.000    -1.000
 1659      0.000     0.000    -1.000
 1660      0.000     0.000    -1.000
 1661      0.000     0.000    -1.000
 1662      0.000     0.000    -1.000
 1663      0.000     0.000    -1.000
 1664      0.000     0.000    -1.000
 1665      0.000     0.000    -1.000
 1666      0.000     0.000    -1.000
 1667      0.000     0.000    -1.000
 1668      0.000     0.000    -1.000
 1669      0.000     0.000    -1.000
 1670      0.000     0.000    -1.000
 1671      0.000     0.000    -1.000
 1672      0.000     0.000    -1.000
 1673      0.000     0.000    -1.000
 1674      0.000     0.000    -1.000
 1675      0.000     0.000    -1.000
 1676      0.000     0.000    -1.000
 1677      0.000     0.000    -1.000
 1678      0.000     0.000    -1.000
 1679      0.000     0.000    -1.000
 1680      0.000     0.000    -1.000
 1681      0.000     0.000    -1.000
 1682      0.000     0.000    -1.000
 1683      0.000     0.000    -1.000
 1684      0.000     0.000    -1.000
 1685      0.000     0.000    -1.000
 1686      0.000     0.000    -1.000
 1687      0.000     0.000    -1.000
 1688      0.000     0.000    -1.000
 1689      0.000     0.000    -1.000
 1690      0.000     0.000    -1.000
 1691      0.000     0.000    -1.000
 1692      0.000     0.000    -1.000
 1693      0.000     0.000    -1.000
 1694      0.000     0.000    -1.000
 1695      0.000     0.000    -1.000
 1696      0.000     0.000    -1.000
 1697      0.000     0.000    -1.000
 1698      0.000     0.000    -1.000
 1699      0.000     0.000    -1.000
 1700      0.000     0.000    -1.000
 1701      0.000     0.000    -1.000
 1702      0.000     0.000    -1.000
 1703      0.000     0.000    -1.000
 1704      0.000     0.000    -1.000
 1705      0.000     0.000    -1.000
 1706      0.000     0.000    -1.000
 1707      0.000     0.000    -1.000
 1708      0.000     0.000    -1.000
 1709      0.000     0.000    -1.000
 1710      0.000     0.000    -1.000
 1711      0.000     0.000    -1.000
 1712      0.000     0.000    -1.000
 1713      0.000     0.000    -1.000
 1714      0.000     0.000    -1.000
 1715      0.000     0.000    -1.000
 1716      0.000     0.000    -1.000
 1717      0.000     0.000    -1.000
 1718      0.000     0.000    -1.000
 1719     15.571     5.678     0.265
 1720      0.000     0.000    -1.000
 1721      0.000     0.000    -1.000
 1722      0.000     0.000    -1.000
 1723      0.000     0.000    -1.000
 1724      0.000     0.000    -1.000
 1725      0.000     0.000    -1.000
 1726      0.000     0.000    -1.000
 1727      0.000     0.000    -1.000
 1728      0.000     0.000    -1.000
 1729      0.000     0.000    -1.000
 1730      0.000     0.000    -1.000
 1731      0.000     0.000    -1.000
 1732      0.000     0.000    -1.000
 1733      0.000     0.000    -1.000
 1734      0.000     0.000    -1.000
 1735      0.000     0.000    -1.000
 1736      0.000     0.000    -1.000
 1737      0.000     0.000    -1.000
 1738      0.000     0.000    -1.000
 1739      0.000     0.000    -1.000
 1740      0.000     0.000    -1.000
 1741      0.000     0.000    -1.000
 1742      0.000     0.000    -1.000
 1743     -1.923     6.730     0.289
 1744      0.000     0.000    -1.000
 1745      0.236    12.766     0.585
 1746      0.000     0.000    -1.000
 1747      0.000     0.000    -1.000
 1748      0.000     0.000    -1.000
 1749      0.000     0.000    -1.000
 1750      0.000     0.000    -1.000
 1751      0.000     0.000    -1.000
 1752      0.000     0.000    -1.000
 1753      0.000     0.000    -1.000
 1754      0.000     0.000    -1.000
 1755      0.000     0.000    -1.000
 1756      0.000     0.000    -1.000
 1757      0.000     0.000    -1.000
 1758      0.000     0.000    -1.000
 1759      0.000     0.000    -1.000
 1760      0.000     0.000    -1.000
 1761      0.000     0.000    -1.000
 1762      0.000     0.000    -1.000
 1763      0.000     0.000    -1.000
 1764      0.000     0.000    -1.000
 1765      0.000     0.000    -1.000
 1766      0.000     0.000    -1.000
 1767      0.000     0.000    -1.000
 1768      0.000     0.000    -1.000
 1769      0.000     0.000    -1.000
 1770      0.000     0.000    -1.000
 1771      0.000     0.000    -1.000
 1772      0.000     0.000    -1.000
 1773      0.000     0.000    -1.000
 1774      0.000     0.000    -1.000
 1775      0.000     0.000    -1.000
 1776      0.000     0.000    -1.000
 1777      0.000     0.000    -1.000
 1778      0.000     0.000    -1.000
 1779      0.000     0.000    -1.000
 1780      0.000     0.000    -1.000
 1781      0.000     0.000    -1.000
 1782      0.000     0.000    -1.000
 1783      0.000     0.000    -1.000
 1784      0.000     0.000    -1.000
 1785      0.000     0.000    -1.000
 1786      0.000     0.000    -1.000
 1787      0.000     0.000    -1.000
 1788     -9.545     5.193     0.184
 1789     -9.545     4.269     0.210
 1790      0.000     0.000    -1.000
 1791      0.000     0.000    -1.000
 1792      0.000     0.000    -1.000
 1793      0.000     0.000    -1.000
 1794      0.000     0.000    -1.000
 1795      0.000     0.000    -1.000
 1796      0.000     0.000    -1.000
 1797      0.000     0.000    -1.000
 1798      0.000     0.000    -1.000
 1799    -10.833     6.900     0.498
 1800      0.000     0.000    -1.000
 1801      0.000     0.000    -1.000
 1802      0.000     0.000    -1.000
 1803      0.000     0.000    -1.000
 1804     -9.000     7.329     0.472
 1805     -9.154     6.948     0.307
 1806      0.000     0.000    -1.000
 1807      0.000     0.000    -1.000
 1808      0.000     0.000    -1.000
 1809      6.000     4.920     0.260
 1810      0.000     0.000    -1.000
 1811      0.000     0.000    -1.000
 1812      0.000     0.000    -1.000
 1813      0.000     0.000    -1.000
 1814      0.833     7.043     0.349
 1815      0.000     0.000    -1.000
 1816      0.000     0.000    -1.000
 1817      0.000     0.000    -1.000
 1818      0.000     0.000    -1.000
 1819      0.000     0.000    -1.000
 1820      0.000     0.000    -1.000
 1821      0.000     0.000    -1.000
 1822      0.000     0.000    -1.000
 1823      0.000     0.000    -1.000
 1824      0.000     0.000    -1.000
 1825      0.000     0.000    -1.000
 1826      0.000     0.000    -1.000
 1827      2.833     4.354     0.387
 1828      0.000     0.000    -1.000
 1829      0.000     0.000    -1.000
 1830      0.000     0.000    -1.000
 1831      0.000     0.000    -1.000
 1832      0.000     0.000    -1.000
 1833      0.000     0.000    -1.000
 1834      0.000     0.000    -1.000
 1835      0.000     0.000    -1.000
 1836      0.000     0.000    -1.000
 1837      0.000     0.000    -1.000
 1838      0.000     0.000    -1.000
 1839      0.000     0.000    -1.000
 1840      0.000     0.000    -1.000
 1841      0.000     0.000    -1.000
 1842      0.000     0.000    -1.000
 1843      0.000     0.000    -1.000
 1844      0.000     0.000    -1.000
 1845      0.000     0.000    -1.000
 1846      0.000     0.000    -1.000
 1847      0.000     0.000    -1.000
 1848      0.000     0.000    -1.000
 1849      0.000     0.000    -1.000
 1850      0.000     0.000    -1.000
 1851      0.000     0.000    -1.000
 1852      0.000     0.000    -1.000
 1853      0.000     0.000    -1.000
 1854      0.000     0.000    -1.000
 1855      0.000     0.000    -1.000
 1856      0.000     0.000    -1.000
 1857      0.000     0.000    -1.000
 1858      0.000     0.000    -1.000
 1859      0.000     0.000    -1.000
 1860      0.000     0.000    -1.000
 1861      0.000     0.000    -1.000
 1862      0.000     0.000    -1.000
 1863      0.000     0.000    -1.000
 1864      0.000     0.000    -1.000
 1865      0.000     0.000    -1.000
 1866      0.000     0.000    -1.000
 1867      0.000     0.000    -1.000
 1868      0.000     0.000    -1.000
 1869      0.000     0.000    -1.000
 1870      0.000     0.000    -1.000
 1871      0.000     0.000    -1.000
 1872      0.000     0.000    -1.000
 1873      0.000     0.000    -1.000
 1874      0.000     0.000    -1.000
 1875      0.000     0.000    -1.000
 1876      0.000     0.000    -1.000
 1877      0.000     0.000    -1.000
 1878      0.000     0.000    -1.000
 1879      0.000     0.000    -1.000
 1880      0.000     0.000    -1.000
 1881      0.000     0.000    -1.000
 1882      0.000     0.000    -1.000
 1883      0.000     0.000    -1.000
 1884      0.000     0.000    -1.000
 1885     18.000     6.035     0.243
 1886      0.000     0.000    -1.000
 1887      0.000     0.000    -1.000
 1888      0.000     0.000    -1.000
 1889      0.000     0.000    -1.000
 1890      0.000     0.000    -1.000
 1891      0.000     0.000    -1.000
 1892      0.000     0.000    -1.000
 1893      0.000     0.000    -1.000
 1894      0.000     0.000    -1.000
 1895      0.000     0.000    -1.000
 1896      0.000     0.000    -1.000
 1897      0.000     0.000    -1.000
 1898      0.000     0.000    -1.000
 1899      0.000     0.000    -1.000
 1900      0.000     0.000    -1.000
 1901      0.000     0.000    -1.000
 1902      0.000     0.000    -1.000
 1903      0.000     0.000    -1.000
 1904      0.000     0.000    -1.000
 1905      0.000     0.000    -1.000
 1906      0.000     0.000    -1.000
 1907      0.000     0.000    -1.000
 1908      0.000     0.000    -1.000
 1909      0.000     0.000    -1.000
 1910      0.000     0.000    -1.000
 1911      0.000     0.000    -1.000
 1912      0.000     0.000    -1.000
 1913      0.000     0.000    -1.000
 1914      0.000     0.000    -1.000
 1915      0.000     0.000    -1.000
 1916      0.000     0.000    -1.000
 1917      0.000     0.000    -1.000
 1918      0.000     0.000    -1.000
 1919      0.000     0.000    -1.000
 1920      0.000     0.000    -1.000
 1921      0.000     0.000    -1.000
 1922      0.000     0.000    -1.000
 1923      0.000     0.000    -1.000
 1924      0.000     0.000    -1.000
 1925      0.000     0.000    -1.000
 1926      0.000     0.000    -1.000
 1927      0.000     0.000    -1.000
 1928      0.000     0.000    -1.000
 1929      0.000     0.000    -1.000
 1930      0.000     0.000    -1.000
 1931      0.000     0.000    -1.000
 1932      0.000     0.000    -1.000
 1933      0.000     0.000    -1.000
 1934      0.000     0.000    -1.000
 1935      0.000     0.000    -1.000
 1936      0.000     0.000    -1.000
 1937      0.000     0.000    -1.000
 1938      0.000     0.000    -1.000
 1939      0.000     0.000    -1.000
 1940      0.000     0.000    -1.000
 1941      0.000     0.000    -1.000
 1942      0.000     0.000    -1.000
 1943      0.000     0.000    -1.000
 1944      0.000     0.000    -1.000
 1945      0.000     0.000    -1.000
 1946      0.000     0.000    -1.000
 1947      0.000     0.000    -1.000
 1948      0.000     0.000    -1.000
 1949      0.000     0.000    -1.000
 1950      0.000     0.000    -1.000
 1951      0.000     0.000    -1.000
 1952      0.000     0.000    -1.000
 1953      0.000     0.000    -1.000
 1954      0.000     0.000    -1.000
 1955      0.000     0.000    -1.000
 1956      0.000     0.000    -1.000
 1957      0.000     0.000    -1.000
 1958      0.000     0.000    -1.000
 1959      0.000     0.000    -1.000
 1960      0.000     0.000    -1.000
 1961      0.000     0.000    -1.000
 1962      0.000     0.000    -1.000
 1963      0.000     0.000    -1.000
 1964      0.000     0.000    -1.000
 1965      0.000     0.000    -1.000
 1966      0.000     0.000    -1.000
 1967      0.000     0.000    -1.000
 1968      0.000     0.000    -1.000
 1969      0.000     0.000    -1.000
 1970     -9.143     7.873     0.536
 1971     -9.143     7.762     0.668
 1972      0.000     0.000    -1.000
 1973    -10.538     3.608     0.089
 1974      0.000     0.000    -1.000
 1975     -9.500     4.699     0.205
 1976    -10.333     4.713     0.322
 1977      0.000     0.000    -1.000
 1978      0.000     0.000    -1.000
 1979      0.000     0.000    -1.000
 1980     -4.291    11.626     0.750
 1981     -4.622    11.142     0.820
 1982      0.000     0.000    -1.000
 1983     -9.400     3.281     0.301
 1984     -9.500     5.951     0.485
 1985      0.000     0.000    -1.000
 1986     -9.500     3.570     0.067
 1987     -9.000     3.558     0.167
 1988      0.000     0.000    -1.000
 1989      0.000     0.000    -1.000
 1990      0.000     0.000    -1.000
 1991      0.000     0.000    -1.000
 1992      0.000     0.000    -1.000
 1993      0.000     0.000    -1.000
 1994      0.000     0.000    -1.000
 1995      4.818     5.424     0.261
 1996      0.000     0.000    -1.000
 1997      0.000     0.000    -1.000
 1998      0.000     0.000    -1.000
 1999      0.000     0.000    -1.000
 2000      0.000     0.000    -1.000
 2001      0.000     0.000    -1.000
 2002      0.000     0.000    -1.000
 2003      4.692     7.755     0.424
 2004      0.000     0.000    -1.000
 2005      0.000     0.000    -1.000
 2006      0.000     0.000    -1.000
 2007      0.000     0.000    -1.000
 2008      0.000     0.000    -1.000
 2009      0.000     0.000    -1.000
 2010      0.000     0.000    -1.000
 2011      0.000     0.000    -1.000
 2012      0.000     0.000    -1.000
 2013      0.000     0.000    -1.000
 2014      0.000     0.000    -1.000
 2015      0.000     0.000    -1.000
 2016      0.000     0.000    -1.000
 2017      0.000     0.000    -1.000
 2018      0.000     0.000    -1.000
 2019      0.000     0.000    -1.000
 2020      0.000     0.000    -1.000
 2021      0.000     0.000    -1.000
 2022      0.000     0.000    -1.000
 2023      0.000     0.000    -1.000
 2024      0.000     0.000    -1.000
 2025      0.000     0.000    -1.000
 2026      0.000     0.000    -1.000
 2027      0.000     0.000    -1.000
 2028      0.000     0.000    -1.000
 2029      0.000     0.000    -1.000
 2030      0.000     0.000    -1.000
 2031      0.000     0.000    -1.000
 2032      0.000     0.000    -1.000
 2033      0.000     0.000    -1.000
 2034      0.000     0.000    -1.000
 2035      0.000     0.000    -1.000
 2036      0.000     0.000    -1.000
 2037      0.000     0.000    -1.000
 2038      0.000     0.000    -1.000
 2039      0.000     0.000    -1.000
 2040      0.000     0.000    -1.000
 2041      0.000     0.000    -1.000
 2042      0.000     0.000    -1.000
 2043      0.000     0.000    -1.000
 2044      0.000     0.000    -1.000
 2045      0.000     0.000    -1.000
 2046      0.000     0.000    -1.000
 2047      0.000     0.000    -1.000
 2048      0.000     0.000    -1.000
 2049      0.000     0.000    -1.000
 2050      0.000     0.000    -1.000
 2051      0.000     0.000    -1.000
 2052      0.000     0.000    -1.000
 2053      0.000     0.000    -1.000
 2054      0.000     0.000    -1.000
 2055      0.000     0.000    -1.000
 2056      0.000     0.000    -1.000
 2057      0.000     0.000    -1.000
 2058      0.000     0.000    -1.000
 2059      0.000     0.000    -1.000
 2060      0.000     0.000    -1.000
 2061      0.000     0.000    -1.000
 2062      0.000     0.000    -1.000
 2063      0.000     0.000    -1.000
 2064      0.000     0.000    -1.000
 2065      0.000     0.000    -1.000
 2066      0.000     0.000    -1.000
 2067      0.000     0.000    -1.000
 2068      0.000     0.000    -1.000
 2069      0.000     0.000    -1.000
 2070      0.000     0.000    -1.000
 2071      0.000     0.000    -1.000
 2072      0.000     0.000    -1.000
 2073      0.000     0.000    -1.000
 2074      0.000     0.000    -1.000
 2075      0.000     0.000    -1.000
 2076      0.000     0.000    -1.000
 2077      0.000     0.000    -1.000
 2078     19.167     4.793     0.355
 2079     19.667     4.570     0.285
 2080      0.000     0.000    -1.000
 2081      0.000     0.000    -1.000
 2082      0.000     0.000    -1.000
 2083      0.000     0.000    -1.000
 2084     13.400     7.491     0.330
 2085      0.000     0.000    -1.000
 2086      0.000     0.000    -1.000
 2087      0.000     0.000    -1.000
 2088      0.000     0.000    -1.000
 2089      0.000     0.000    -1.000
 2090      0.000     0.000    -1.000
 2091      0.000     0.000    -1.000
 2092      0.000     0.000    -1.000
 2093     -2.231     7.904     0.412
 2094      0.000     0.000    -1.000
 2095      0.000     0.000    -1.000
 2096      0.000     0.000    -1.000
 2097      0.000     0.000    -1.000
 2098      0.000     0.000    -1.000
 2099      0.000     0.000    -1.000
 2100      0.000     0.000    -1.000
 2101      0.000     0.000    -1.000
 2102      4.167     5.442     0.336
 2103      0.000     0.000    -1.000
 2104      0.000     0.000    -1.000
 2105      0.000     0.000    -1.000
 2106      0.000     0.000    -1.000
 2107      0.000     0.000    -1.000
 2108      0.000     0.000    -1.000
 2109      0.000     0.000    -1.000
 2110      0.000     0.000    -1.000
 2111      0.000     0.000    -1.000
 2112      0.000     0.000    -1.000
 2113      0.000     0.000    -1.000
 2114      0.000     0.000    -1.000
 2115      0.000     0.000    -1.000
 2116      0.000     0.000    -1.000
 2117      0.000     0.000    -1.000
 2118      0.000     0.000    -1.000
 2119      0.000     0.000    -1.000
 2120      0.000     0.000    -1.000
 2121      0.000     0.000    -1.000
 2122      0.000     0.000    -1.000
 2123      0.000     0.000    -1.000
 2124      0.000     0.000    -1.000
 2125      0.000     0.000    -1.000
 2126      0.000     0.000    -1.000
 2127      0.000     0.000    -1.000
 2128      0.000     0.000    -1.000
 2129      0.000     0.000    -1.000
 2130      0.000     0.000    -1.000
 2131      0.000     0.000    -1.000
 2132      0.000     0.000    -1.000
 2133      0.000     0.000    -1.000
 2134      0.000     0.000    -1.000
 2135      0.000     0.000    -1.000
 2136      0.000     0.000    -1.000
 2137      0.000     0.000    -1.000
 2138      0.000     0.000    -1.000
 2139      0.000     0.000    -1.000
 2140      0.000     0.000    -1.000
 2141      0.000     0.000    -1.000
 2142      0.000     0.000    -1.000
 2143      0.000     0.000    -1.000
 2144      0.000     0.000    -1.000
 2145      0.000     0.000    -1.000
 2146      0.000     0.000    -1.000
 2147      0.000     0.000    -1.000
 2148      0.000     0.000    -1.000
 2149      0.000     0.000    -1.000
 2150      0.000     0.000    -1.000
 2151      0.000     0.000    -1.000
 2152      0.000     0.000    -1.000
 2153      0.000     0.000    -1.000
 2154      0.000     0.000    -1.000
 2155      0.000     0.000    -1.000
 2156      0.000     0.000    -1.000
 2157      0.000     0.000    -1.000
 2158      0.000     0.000    -1.000
 2159      0.000     0.000    -1.000
 2160   -341.276    13.480     0.790
 2161    -11.923     3.892     0.224
 2162      0.000     0.000    -1.000
 2163      0.000     0.000    -1.000
 2164      0.000     0.000    -1.000
 2165      0.000     0.000    -1.000
 2166      0.000     0.000    -1.000
 2167      0.000     0.000    -1.000
 2168      0.000     0.000    -1.000
 2169      0.000     0.000    -1.000
 2170      0.000     0.000    -1.000
 2171      0.000     0.000    -1.000
 2172     -9.769     7.380     0.397
 2173     -9.462     6.845     0.436
 2174      0.000     0.000    -1.000
 2175      0.000     0.000    -1.000
 2176      0.000     0.000    -1.000
 2177      0.000     0.000    -1.000
 2178      0.000     0.000    -1.000
 2179      4.167     6.242     0.369
 2180      0.000     0.000    -1.000
 2181      0.000     0.000    -1.000
 2182      0.000     0.000    -1.000
 2183      0.000     0.000    -1.000
 2184      0.000     0.000    -1.000
 2185      0.000     0.000    -1.000
 2186      0.000     0.000    -1.000
 2187      0.000     0.000    -1.000
 2188      0.000     0.000    -1.000
 2189      0.000     0.000    -1.000
 2190      0.000     0.000    -1.000
 2191      0.000     0.000    -1.000
 2192      0.000     0.000    -1.000
 2193      0.000     0.000    -1.000
 2194      0.000     0.000    -1.000
 2195      0.000     0.000    -1.000
 2196      0.000     0.000    -1.000
 2197      0.000     0.000    -1.000
 2198      0.000     0.000    -1.000
 2199      0.000     0.000    -1.000
 2200      0.000     0.000    -1.000
 2201      0.000     0.000    -1.000
 2202      0.000     0.000    -1.000
 2203      0.000     0.000    -1.000
 2204      0.000     0.000    -1.000
 2205      0.000     0.000    -1.000
 2206      0.000     0.000    -1.000
 2207      0.000     0.000    -1.000
 2208      0.000     0.000    -1.000
 2209      0.000     0.000    -1.000
 2210      0.000     0.000    -1.000
 2211      0.000     0.000    -1.000
 2212      0.000     0.000    -1.000
 2213      0.000     0.000    -1.000
 2214      0.000     0.000    -1.000
 2215      0.000     0.000    -1.000
 2216      0.000     0.000    -1.000
 2217      0.000     0.000    -1.000
 2218      0.000     0.000    -1.000
 2219      0.000     0.000    -1.000
 2220      0.000     0.000    -1.000
 2221      0.000     0.000    -1.000
 2222      0.000     0.000    -1.000
 2223      0.000     0.000    -1.000
 2224      0.000     0.000    -1.000
 2225      0.000     0.000    -1.000
 2226      0.000     0.000    -1.000
 2227      0.000     0.000    -1.000
 2228      0.000     0.000    -1.000
 2229      0.000     0.000    -1.000
 2230      0.000     0.000    -1.000
 2231      0.000     0.000    -1.000
 2232      0.000     0.000    -1.000
 2233      0.000     0.000    -1.000
 2234      0.000     0.000    -1.000
 2235      0.000     0.000    -1.000
 2236      0.000     0.000    -1.000
 2237      0.000     0.000    -1.000
 2238      0.000     0.000    -1.000
 2239      0.000     0.000    -1.000
 2240      0.000     0.000    -1.000
 2241      0.000     0.000    -1.000
 2242      0.000     0.000    -1.000
 2243      0.000     0.000    -1.000
 2244      0.000     0.000    -1.000
 2245      0.000     0.000    -1.000
 2246      0.000     0.000    -1.000
 2247      0.000     0.000    -1.000
 2248      0.000     0.000    -1.000
 2249      0.000     0.000    -1.000
 2250      0.000     0.000    -1.000
 2251      0.000     0.000    -1.000
 2252      0.000     0.000    -1.000
 2253     14.000     5.744     0.364
 2254      0.000     0.000    -1.000
 2255      0.000     0.000    -1.000
 2256      0.000     0.000    -1.000
 2257      0.000     0.000    -1.000
 2258     17.500     7.159     0.338
 2259      0.000     0.000    -1.000
 2260      0.000     0.000    -1.000
 2261      0.000     0.000    -1.000
 2262      0.000     0.000    -1.000
 2263      0.000     0.000    -1.000
 2264      0.000     0.000    -1.000
 2265      0.000     0.000    -1.000
 2266      0.000     0.000    -1.000
 2267      0.000     0.000    -1.000
 2268      0.000     0.000    -1.000
 2269      0.000     0.000    -1.000
 2270      0.000     0.000    -1.000
 2271      0.000     0.000    -1.000
 2272      0.000     0.000    -1.000
 2273      0.000     0.000    -1.000
 2274      0.000     0.000    -1.000
 2275      0.000     0.000    -1.000
 2276      0.000     0.000    -1.000
 2277      0.000     0.000    -1.000
 2278      0.000     0.000    -1.000
 2279      0.000     0.000    -1.000
 2280      0.000     0.000    -1.000
 2281      0.000     0.000    -1.000
 2282      0.000     0.000    -1.000
 2283      0.000     0.000    -1.000
 2284      0.000     0.000    -1.000
 2285      0.000     0.000    -1.000
 2286      0.000     0.000    -1.000
 2287      0.000     0.000    -1.000
 2288      0.000     0.000    -1.000
 2289      0.000     0.000    -1.000
 2290      4.077     6.450     0.544
 2291      5.803    12.738     0.802
 2292      0.000     0.000    -1.000
 2293      0.000     0.000    -1.000
 2294      0.000     0.000    -1.000
 2295      0.000     0.000    -1.000
 2296      0.000     0.000    -1.000
 2297      0.000     0.000    -1.000
 2298      0.000     0.000    -1.000
 2299      0.000     0.000    -1.000
 2300      0.000     0.000    -1.000
 2301      0.000     0.000    -1.000
 2302      0.000     0.000    -1.000
 2303      0.000     0.000    -1.000
 2304      0.000     0.000    -1.000
 2305      0.000     0.000    -1.000
 2306      0.000     0.000    -1.000
 2307      0.000     0.000    -1.000
 2308      0.000     0.000    -1.000
 2309      0.000     0.000    -1.000
 2310      0.000     0.000    -1.000
 2311      0.000     0.000    -1.000
 2312      0.000     0.000    -1.000
 2313      0.000     0.000    -1.000
 2314      0.000     0.000    -1.000
 2315      0.000     0.000    -1.000
 2316      0.000     0.000    -1.000
 2317      0.000     0.000    -1.000
 2318      0.000     0.000    -1.000
 2319      0.000     0.000    -1.000
 2320      0.000     0.000    -1.000
 2321      0.000     0.000    -1.000
 2322      0.000     0.000    -1.000
 2323      0.000     0.000    -1.000
 2324      0.000     0.000    -1.000
 2325      0.000     0.000    -1.000
 2326      0.000     0.000    -1.000
 2327      0.000     0.000    -1.000
 2328      0.000     0.000    -1.000
 2329      0.000     0.000    -1.000
 2330      0.000     0.000    -1.000
 2331      0.000     0.000    -1.000
 2332      0.000     0.000    -1.000
 2333      0.000     0.000    -1.000
 2334      0.000     0.000    -1.000
 2335      0.000     0.000    -1.000
 2336      0.000     0.000    -1.000
 2337      0.000     0.000    -1.000
 2338      0.000     0.000    -1.000
 2339      0.000     0.000    -1.000
 2340      0.000     0.000    -1.000
 2341      0.000     0.000    -1.000
 2342      0.000     0.000    -1.000
 2343      0.000     0.000    -1.000
 2344      0.000     0.000    -1.000
 2345      0.000     0.000    -1.000
 2346      0.000     0.000    -1.000
 2347      0.000     0.000    -1.000
 2348    -14.467    10.288     0.644
 2349      0.000     0.000    -1.000
 2350      0.000     0.000    -1.000
 2351      0.000     0.000    -1.000
 2352     -5.706    14.112     0.679
 2353      0.000     0.000    -1.000
 2354      0.000     0.000    -1.000
 2355      0.000     0.000    -1.000
 2356      0.000     0.000    -1.000
 2357      0.000     0.000    -1.000
 2358      0.000     0.000    -1.000
 2359      0.000     0.000    -1.000
 2360      3.952     6.778     0.390
 2361      6.800    11.610     0.715
 2362      0.000     0.000    -1.000
 2363      0.000     0.000    -1.000
 2364      0.000     0.000    -1.000
 2365      0.000     0.000    -1.000
 2366      0.000     0.000    -1.000
 2367      0.000     0.000    -1.000
 2368      0.000     0.000    -1.000
 2369      4.778     9.089     0.595
 2370      0.000     0.000    -1.000
 2371      0.000     0.000    -1.000
 2372      0.000     0.000    -1.000
 2373      0.000     0.000    -1.000
 2374      0.000     0.000    -1.000
 2375      0.000     0.000    -1.000
 2376      0.000     0.000    -1.000
 2377      0.000     0.000    -1.000
 2378      0.000     0.000    -1.000
 2379      0.000     0.000    -1.000
 2380      0.000     0.000    -1.000
 2381      0.000     0.000    -1.000
 2382      0.000     0.000    -1.000
 2383      0.000     0.000    -1.000
 2384      0.000     0.000    -1.000
 2385      0.000     0.000    -1.000
 2386      0.000     0.000    -1.000
 2387      0.000     0.000    -1.000
 2388      0.000     0.000    -1.000
 2389      0.000     0.000    -1.000
 2390      0.000     0.000    -1.000
 2391      0.000     0.000    -1.000
 2392      0.000     0.000    -1.000
 2393      0.000     0.000    -1.000
 2394      0.000     0.000    -1.000
 2395      0.000     0.000    -1.000
 2396      0.000     0.000    -1.000
 2397      0.000     0.000    -1.000
 2398      0.000     0.000    -1.000
 2399      0.000     0.000    -1.000
 2400      0.000     0.000    -1.000
 2401      0.000     0.000    -1.000
 2402      0.000     0.000    -1.000
 2403      0.000     0.000    -1.000
 2404      0.000     0.000    -1.000
 2405      0.000     0.000    -1.000
 2406      0.000     0.000    -1.000
 2407      0.000     0.000    -1.000
 2408      0.000     0.000    -1.000
 2409      0.000     0.000    -1.000
 2410      0.000     0.000    -1.000
 2411      0.000     0.000    -1.000
 2412      0.000     0.000    -1.000
 2413      0.000     0.000    -1.000
 2414      0.000     0.000    -1.000
 2415      0.000     0.000    -1.000
 2416      0.000     0.000    -1.000
 2417      0.000     0.000    -1.000
 2418      0.000     0.000    -1.000
 2419      0.000     0.000    -1.000
 2420      0.000     0.000    -1.000
 2421      0.000     0.000    -1.000
 2422      0.000     0.000    -1.000
 2423      0.000     0.000    -1.000
 2424      0.000     0.000    -1.000
 2425      0.000     0.000    -1.000
 2426      0.000     0.000    -1.000
 2427      0.000     0.000    -1.000
 2428      0.000     0.000    -1.000
 2429      0.000     0.000    -1.000
 2430      0.000     0.000    -1.000
 2431     17.308     5.862     0.272
 2432      0.000     0.000    -1.000
 2433      0.000     0.000    -1.000
 2434      0.000     0.000    -1.000
 2435      0.000     0.000    -1.000
 2436      0.000     0.000    -1.000
 2437      0.000     0.000    -1.000
 2438      0.000     0.000    -1.000
 2439      0.000     0.000    -1.000
 2440      0.000     0.000    -1.000
 2441      0.000     0.000    -1.000
 2442      0.000     0.000    -1.000
 2443      0.000     0.000    -1.000
 2444     -3.364     1.872     0.027
 2445      0.000     0.000    -1.000
 2446      0.000     0.000    -1.000
 2447      0.000     0.000    -1.000
 2448      0.000     0.000    -1.000
 2449      0.000     0.000    -1.000
 2450      0.000     0.000    -1.000
 2451      0.000     0.000    -1.000
 2452      4.455     2.965     0.183
 2453      4.455     3.313     0.071
 2454      0.000     0.000    -1.000
 2455      0.000     0.000    -1.000
 2456      0.000     0.000    -1.000
 2457      0.000     0.000    -1.000
 2458      0.000     0.000    -1.000
 2459      0.000     0.000    -1.000
 2460      0.000     0.000    -1.000
 2461      0.000     0.000    -1.000
 2462      0.000     0.000    -1.000
 2463      0.000     0.000    -1.000
 2464      0.000     0.000    -1.000
 2465      0.000     0.000    -1.000
 2466      0.000     0.000    -1.000
 2467      0.000     0.000    -1.000
 2468      0.000     0.000    -1.000
 2469      0.000     0.000    -1.000
 2470      0.000     0.000    -1.000
 2471      0.000     0.000    -1.000
 2472      0.000     0.000    -1.000
 2473      0.000     0.000    -1.000
 2474      0.000     0.000    -1.000
 2475      0.000     0.000    -1.000
 2476      0.000     0.000    -1.000
 2477      0.000     0.000    -1.000
 2478      0.000     0.000    -1.000
 2479      0.000     0.000    -1.000
 2480      0.000     0.000    -1.000
 2481      0.000     0.000    -1.000
 2482      0.000     0.000    -1.000
 2483      0.000     0.000    -1.000
 2484      0.000     0.000    -1.000
 2485      0.000     0.000    -1.000
 2486      0.000     0.000    -1.000
 2487      0.000     0.000    -1.000
 2488      0.000     0.000    -1.000
 2489      0.000     0.000    -1.000
 2490      0.000     0.000    -1.000
 2491      0.000     0.000    -1.000
 2492      0.000     0.000    -1.000
 2493      0.000     0.000    -1.000
 2494      0.000     0.000    -1.000
 2495      0.000     0.000    -1.000
 2496      0.000     0.000    -1.000
 2497      0.000     0.000    -1.000
 2498      0.000     0.000    -1.000
 2499      0.000     0.000    -1.000
 2500      0.000     0.000    -1.000
 2501      0.000     0.000    -1.000
 2502      0.000     0.000    -1.000
 2503      0.000     0.000    -1.000
 2504      0.000     0.000    -1.000
 2505      0.000     0.000    -1.000
 2506    -10.143     6.875     0.341
 2507    -10.286     6.573     0.293
 2508      0.000     0.000    -1.000
 2509      0.000     0.000    -1.000
 2510      0.000     0.000    -1.000
 2511      0.000     0.000    -1.000
 2512      0.000     0.000    -1.000
 2513      0.000     0.000    -1.000
 2514      0.000     0.000    -1.000
 2515      0.000     0.000    -1.000
 2516      0.000     0.000    -1.000
 2517      0.000     0.000    -1.000
 2518      0.000     0.000    -1.000
 2519      0.000     0.000    -1.000
 2520      0.000     0.000    -1.000
 2521      0.000     0.000    -1.000
 2522      0.000     0.000    -1.000
 2523      0.000     0.000    -1.000
 2524      0.000     0.000    -1.000
 2525      0.000     0.000    -1.000
 2526      0.000     0.000    -1.000
 2527      0.000     0.000    -1.000
 2528      0.000     0.000    -1.000
 2529      0.000     0.000    -1.000
 2530      0.000     0.000    -1.000
 2531      0.000     0.000    -1.000
 2532      0.000     0.000    -1.000
 2533      0.000     0.000    -1.000
 2534      0.000     0.000    -1.000
 2535      0.000     0.000    -1.000
 2536      0.000     0.000    -1.000
 2537      0.000     0.000    -1.000
 2538      0.000     0.000    -1.000
 2539      0.000     0.000    -1.000
 2540      0.000     0.000    -1.000
 2541      0.000     0.000    -1.000
 2542      0.000     0.000    -1.000
 2543      0.000     0.000    -1.000
 2544      0.000     0.000    -1.000
 2545      0.000     0.000    -1.000
 2546      0.000     0.000    -1.000
 2547      0.000     0.000    -1.000
 2548      0.000     0.000    -1.000
 2549      0.000     0.000    -1.000
 2550      0.000     0.000    -1.000
 2551      0.000     0.000    -1.000
 2552      0.000     0.000    -1.000
 2553      0.000     0.000    -1.000
 2554      0.000     0.000    -1.000
 2555      0.000     0.000    -1.000
 2556      0.000     0.000    -1.000
 2557      0.000     0.000    -1.000
 2558      0.000     0.000    -1.000
 2559      0.000     0.000    -1.000
 2560      0.000     0.000    -1.000
 2561      0.000     0.000    -1.000
 2562      0.000     0.000    -1.000
 2563      0.000     0.000    -1.000
 2564      0.000     0.000    -1.000
 2565      0.000     0.000    -1.000
 2566      0.000     0.000    -1.000
 2567      0.000     0.000    -1.000
 2568      0.000     0.000    -1.000
 2569      0.000     0.000    -1.000
 2570      0.000     0.000    -1.000
 2571      0.000     0.000    -1.000
 2572      0.000     0.000    -1.000
 2573      0.000     0.000    -1.000
 2574      0.000     0.000    -1.000
 2575      0.000     0.000    -1.000
 2576      0.000     0.000    -1.000
 2577      0.000     0.000    -1.000
 2578      0.000     0.000    -1.000
 2579      0.000     0.000    -1.000
 2580      0.000     0.000    -1.000
 2581      0.000     0.000    -1.000
 2582      0.000     0.000    -1.000
 2583      0.000     0.000    -1.000
 2584      0.000     0.000    -1.000
 2585      0.000     0.000    -1.000
 2586      0.000     0.000    -1.000
 2587      0.000     0.000    -1.000
 2588      0.000     0.000    -1.000
 2589      0.000     0.000    -1.000
 2590      0.000     0.000    -1.000
 2591      0.000     0.000    -1.000
 2592      0.000     0.000    -1.000
 2593      0.000     0.000    -1.000
 2594      0.000     0.000    -1.000
 2595      0.000     0.000    -1.000
 2596      0.000     0.000    -1.000
 2597      0.000     0.000    -1.000
 2598     -4.333     6.992     0.229
 2599      0.000     0.000    -1.000
 2600      0.000     0.000    -1.000
 2601      0.000     0.000    -1.000
 2602      0.000     0.000    -1.000
 2603      0.000     0.000    -1.000
 2604      0.000     0.000    -1.000
 2605      0.000     0.000    -1.000
 2606      0.000     0.000    -1.000
 2607      0.000     0.000    -1.000
 2608      0.000     0.000    -1.000
 2609      0.000     0.000    -1.000
 2610      0.000     0.000    -1.000
 2611      0.000     0.000    -1.000
 2612    -11.909     4.209     0.261
 2613    -12.500     3.840     0.183
 2614      0.000     0.000    -1.000
 2615      0.000     0.000    -1.000
 2616      0.000     0.000    -1.000
 2617      0.000     0.000    -1.000
 2618      0.000     0.000    -1.000
 2619      0.000     0.000    -1.000
 2620      0.000     0.000    -1.000
 2621      0.000     0.000    -1.000
 2622      0.000     0.000    -1.000
 2623      0.000     0.000    -1.000
 2624      0.000     0.000    -1.000
 2625      0.000     0.000    -1.000
 2626      0.000     0.000    -1.000
 2627      0.000     0.000    -1.000
 2628      0.000     0.000    -1.000
 2629      0.000     0.000    -1.000
 2630      0.000     0.000    -1.000
 2631      0.000     0.000    -1.000
 2632      0.000     0.000    -1.000
 2633      0.000     0.000    -1.000
 2634      0.000     0.000    -1.000
 2635      0.000     0.000    -1.000
 2636      0.000     0.000    -1.000
 2637      0.000     0.000    -1.000
 2638      0.000     0.000    -1.000
 2639      0.000     0.000    -1.000
 2640      0.000     0.000    -1.000
 2641      0.000     0.000    -1.000
 2642      0.000     0.000    -1.000
 2643      0.000     0.000    -1.000
 2644      0.000     0.000    -1.000
 2645      0.000     0.000    -1.000
 2646      0.000     0.000    -1.000
 2647      0.000     0.000    -1.000
 2648      0.000     0.000    -1.000
 2649      0.000     0.000    -1.000
 2650      0.000     0.000    -1.000
 2651      0.000     0.000    -1.000
 2652      0.000     0.000    -1.000
 2653      0.000     0.000    -1.000
 2654      0.000     0.000    -1.000
 2655      0.000     0.000    -1.000
 2656      0.000     0.000    -1.000
 2657      0.000     0.000    -1.000
 2658      0.000     0.000    -1.000
 2659      0.000     0.000    -1.000
 2660      0.000     0.000    -1.000
 2661      0.000     0.000    -1.000
 2662      0.000     0.000    -1.000
 2663      0.000     0.000    -1.000
 2664      0.000     0.000    -1.000
 2665      0.000     0.000    -1.000
 2666      0.000     0.000    -1.000
 2667      0.000     0.000    -1.000
 2668      0.000     0.000    -1.000
 2669      0.000     0.000    -1.000
 2670      0.000     0.000    -1.000
 2671      0.000     0.000    -1.000
 2672      0.000     0.000    -1.000
 2673      0.000     0.000    -1.000
 2674      0.000     0.000    -1.000
 2675      0.000     0.000    -1.000
 2676      0.000     0.000    -1.000
 2677      0.000     0.000    -1.000
 2678      0.000     0.000    -1.000
 2679      0.000     0.000    -1.000
 2680      0.000     0.000    -1.000
 2681      0.000     0.000    -1.000
 2682      0.000     0.000    -1.000
 2683      0.000     0.000    -1.000
 2684      0.000     0.000    -1.000
 2685      0.000     0.000    -1.000
 2686      0.000     0.000    -1.000
 2687      0.000     0.000    -1.000
 2688      0.000     0.000    -1.000
 2689      0.000     0.000    -1.000
 2690    -12.231     4.868     0.194
 2691    -11.615     4.858     0.250
 2692      0.000     0.000    -1.000
 2693      0.000     0.000    -1.000
 2694     -5.923     5.239     0.327
 2695      0.000     0.000    -1.000
 2696      0.000     0.000    -1.000
 2697      0.000     0.000    -1.000
 2698      0.000     0.000    -1.000
 2699      0.000     0.000    -1.000
 2700      0.000     0.000    -1.000
 2701      0.000     0.000    -1.000
 2702      0.000     0.000    -1.000
 2703      0.000     0.000    -1.000
 2704      0.000     0.000    -1.000
 2705      0.000     0.000    -1.000
 2706      0.000     0.000    -1.000
 2707      0.000     0.000    -1.000
 2708      0.000     0.000    -1.000
 2709      0.000     0.000    -1.000
 2710      0.000     0.000    -1.000
 2711      0.000     0.000    -1.000
 2712      0.000     0.000    -1.000
 2713      0.000     0.000    -1.000
 2714      0.000     0.000    -1.000
 2715      0.000     0.000    -1.000
 2716      0.000     0.000    -1.000
 2717      0.000     0.000    -1.000
 2718      0.000     0.000    -1.000
 2719      0.000     0.000    -1.000
